/doors/door1.jpg,door,door,door
/doors/door2.jpg,indoors,door,indoors
/doors/door3.jpg,door,door,door
/doors/door4.jpg,door,door,door
/doors/door5.jpg,door,door,indoors
/doors/door6.jpg,indoors,door,door
/doors/door7.jpg,door,door,door
/doors/door8.jpg,indoors,door,indoors
/doors/door9.jpg,indoors,door,indoors
/doors/door10.jpg,door,indoors,indoors
/doors/door11.jpg,indoors,door,door
/doors/door12.jpg,door,door,door
/doors/door13.jpg,indoors,door,indoors
/doors/door14.jpg,indoors,door,indoors
/doors/door15.jpg,indoors,indoors,door
/doors/door16.jpg,indoors,door,indoors
/doors/door17.jpg,indoors,door,indoors
/doors/door18.jpg,door,door,door
/doors/door19.jpg,door,indoors,indoors
/doors/door20.jpg,door,indoors,door
/doors/door21.jpg,door,indoors,door
/doors/door22.jpg,indoors,door,indoors
/doors/door23.jpg,indoors,door,indoors
/doors/door24.jpg,indoors,door,indoors
/doors/door25.jpg,door,door,door
/doors/door26.jpg,indoors,door,door
/doors/door27.jpg,indoors,door,door
/doors/door28.jpg,indoors,indoors,door
/doors/door29.jpg,indoors,door,door
/doors/door30.jpg,door,door,door
/doors/door31.jpg,door,door,door
/doors/door32.jpg,door,door,indoors
/doors/door33.jpg,indoors,door,indoors
/doors/door34.jpg,door,door,door
/doors/door35.jpg,indoors,door,indoors
/doors/door36.jpg,door,indoors,door
/doors/door37.jpg,indoors,door,indoors
/doors/door38.jpg,indoors,door,door
/doors/door39.jpg,door,door,indoors
/doors/door40.jpg,door,door,door
/doors/door41.jpg,indoors,door,door
/doors/door42.jpg,door,door,door
/doors/door43.jpg,indoors,door,indoors
/doors/door44.jpg,door,indoors,door
/doors/door45.jpg,indoors,door,door
/doors/door46.jpg,indoors,door,indoors
/doors/door47.jpg,indoors,door,indoors
/doors/door48.jpg,door,door,door
/doors/door49.jpg,door,indoors,door
/doors/door50.jpg,indoors,door,indoors
/doors/door51.jpg,indoors,door,door
/doors/door52.jpg,door,door,door
/doors/door53.jpg,door,indoors,indoors
/doors/door54.jpg,door,door,indoors
/doors/door55.jpg,door,door,indoors
/doors/door56.jpg,indoors,door,indoors
/doors/door57.jpg,indoors,door,indoors
/doors/door58.jpg,door,door,door
/doors/door59.jpg,indoors,door,indoors
/doors/door60.jpg,door,door,door
/doors/door61.jpg,indoors,indoors,door
/doors/door62.jpg,door,door,door
/doors/door63.jpg,indoors,door,indoors
/doors/door64.jpg,door,door,indoors
/doors/door65.jpg,door,door,door
/doors/door66.jpg,door,door,door
/doors/door67.jpg,indoors,indoors,door
/doors/door68.jpg,door,door,door
/doors/door69.jpg,door,indoors,indoors
/doors/door70.jpg,door,door,door
/doors/door71.jpg,door,door,door
/doors/door72.jpg,indoors,door,indoors
/doors/door73.jpg,indoors,door,door
/doors/door74.jpg,door,door,door
/doors/door75.jpg,indoors,door,indoors
/doors/door76.jpg,door,door,door
/doors/door77.jpg,door,door,door
/doors/door78.jpg,door,door,indoors
/doors/door79.jpg,indoors,door,indoors
/doors/door80.jpg,door,door,door
/doors/door81.jpg,door,indoors,indoors
/doors/door82.jpg,door,door,door
/doors/door83.jpg,indoors,door,indoors
/doors/door84.jpg,indoors,door,indoors
/doors/door85.jpg,door,door,indoors
/doors/door86.jpg,indoors,indoors,door
/doors/door87.jpg,indoors,door,door
/doors/door88.jpg,door,door,door
/doors/door89.jpg,door,door,indoors
/doors/door90.jpg,indoors,door,door
/doors/door91.jpg,indoors,door,indoors
/doors/door92.jpg,indoors,door,indoors
/doors/door93.jpg,door,door,door
/doors/door94.jpg,door,door,door
/doors/door95.jpg,door,door,door
/doors/door96.jpg,door,indoors,door
/doors/door97.jpg,door,door,indoors
/doors/door98.jpg,indoors,door,indoors
/doors/door99.jpg,indoors,door,indoors
/doors/door100.jpg,indoors,door,indoors