Stairs/60122992_6565b3bb32.jpg,stairs,stairs,indoors
Stairs/428327082_0e74f4b61e.jpg,indoors,stairs,stairs
Stairs/2982093889_44e02413fd.jpg,stairs,stairs,stairs
Stairs/132281993_75258acfc1.jpg,indoors,stairs,stairs
Stairs/1981364065_c75cabc1a2.jpg,stairs,stairs,stairs
Stairs/507409328_715f8bb374.jpg,stairs,stairs,stairs
Stairs/1438665975_94665ef33d.jpg,stairs,indoors,stairs
Stairs/2073634347_177845d627.jpg,stairs,stairs,stairs
Stairs/2529239841_de7c4ed50e.jpg,indoors,stairs,stairs
Stairs/1058990100_4665206489.jpg,stairs,stairs,stairs
Stairs/2397288346_4c231c9ac6.jpg,indoors,stairs,indoors
Stairs/137837876_c540db1ec6.jpg,indoors,stairs,indoors
Stairs/2615300360_b10470ac5f.jpg,stairs,stairs,indoors
Stairs/498886811_d6619722df.jpg,indoors,stairs,stairs
Stairs/2936910231_ae3e20c7d7.jpg,stairs,stairs,stairs
Stairs/alfombra-roja-thumb4122973.jpg,stairs,stairs,stairs
Stairs/91770451_c75cfe0039.jpg,stairs,stairs,stairs
Stairs/3078553735_564259ffcc.jpg,stairs,stairs,stairs
Stairs/1146954910_9ba54365b3.jpg,stairs,stairs,indoors
Stairs/2404283765_283ce6958c.jpg,indoors,stairs,stairs
Stairs/T12E8cXeVuFsCS6ecW_022919.jpg_b.jpg.2,stairs,stairs,stairs
Stairs/T1wZJXXbpa9kxT9Fs2_042707.jpg_b.jpg,indoors,stairs,stairs
Stairs/381263871_b742f3748f.jpg,stairs,stairs,stairs
Stairs/2972628766_6312e7ea0c.jpg,stairs,stairs,stairs
Stairs/2938163212_bfebefa82e.jpg,stairs,stairs,stairs
Stairs/1942131247_d5707951d9.jpg,stairs,stairs,stairs
Stairs/313826501_972e0f6221.jpg,stairs,stairs,stairs
Stairs/171108175_4756226a97.jpg,stairs,stairs,stairs
Stairs/1398487469_e92c084ba4.jpg,stairs,stairs,stairs
Stairs/pet-ramp-and-staircase-three-step1.jpg.2,stairs,stairs,stairs
Stairs/1059089814_73544ebe96.jpg,stairs,stairs,stairs
Stairs/cipro.jpg,stairs,stairs,stairs
Stairs/177976808_981de59ba7.jpg,indoors,stairs,indoors
Stairs/2705556474_56952e34e4.jpg,stairs,stairs,stairs
Stairs/2127017146_e5556b36b2.jpg,stairs,stairs,stairs
Stairs/166857715_1e1c88ec02.jpg,indoors,stairs,indoors
Stairs/2240639436_6f618daf19.jpg,stairs,stairs,stairs
Stairs/267337974_c62b5e97d8.jpg,stairs,stairs,stairs
Stairs/1682724780_54b3f82f64.jpg,indoors,stairs,indoors
Stairs/T16DBaXjx.DIyQTGE__105339.jpg_160x160.jpg.2,stairs,stairs,stairs
Stairs/1843446502_9b3fb79946.jpg,stairs,stairs,indoors
Stairs/45670999_6f8f5cb8e4.jpg,stairs,stairs,stairs
Stairs/30535516_5a66494ebc.jpg,stairs,stairs,stairs
Stairs/231605349_062699540d.jpg,stairs,door,indoors
Stairs/T1l4VaXlNbLoyaRxjb_124242.jpg_310x310.jpg,stairs,stairs,stairs
Stairs/1332263188_21a86640e2.jpg,stairs,stairs,stairs
Stairs/2070435448_cbf6436210.jpg,stairs,stairs,stairs
Stairs/454343275_5914779eed.jpg,stairs,stairs,stairs
Stairs/1109832024_e1487f7944.jpg,stairs,stairs,stairs
Stairs/2467990694_a3417235da.jpg,indoors,stairs,indoors
Stairs/121004111_6ebe1797d3.jpg,stairs,stairs,indoors
Stairs/3675998614_68faf46b90.jpg,stairs,stairs,stairs
Stairs/53282913_11eec8b95c.jpg,stairs,indoors,indoors
Stairs/16737.jpg.2,stairs,stairs,stairs
Stairs/T1gt4aXdBXMozeuJET_011328.jpg_b.jpg,stairs,stairs,stairs
Stairs/499357712_26e63653d6.jpg,stairs,stairs,stairs
Stairs/109789193_24ec7b0f33.jpg,stairs,stairs,stairs
Stairs/2175118302_7566e8273e.jpg,stairs,stairs,stairs
Stairs/77157953_4a7bc5f5d4.jpg,stairs,stairs,stairs
Stairs/191160701_8a757de0a4.jpg,stairs,stairs,stairs
Stairs/2168600521_390bfbc382.jpg,stairs,stairs,stairs
Stairs/147318489_4ebd9f5212.jpg,stairs,stairs,indoors
Stairs/3045619372_6bcd900b73.jpg,stairs,stairs,indoors
Stairs/2907589485_531a8d9c4c.jpg,stairs,stairs,stairs
Stairs/2907604079_931daf32c7.jpg,indoors,stairs,stairs
Stairs/2551871905_eb998315ef.jpg,indoors,stairs,indoors
Stairs/home-stairs.jpg,stairs,stairs,stairs
Stairs/2822898798_b5ee0171ab.jpg,indoors,stairs,indoors
Stairs/1338256822_08c9028c21.jpg,stairs,stairs,stairs
Stairs/escaleranupcialisima.jpg.2,stairs,stairs,stairs
Stairs/2767202646_b1f5003248.jpg,indoors,stairs,indoors
Stairs/2933617397_98129d736f.jpg,indoors,stairs,stairs
Stairs/1432355721_581e781054.jpg,stairs,stairs,stairs
Stairs/2899084911_0127a798c8.jpg,stairs,stairs,stairs
Stairs/469380635_c197caaa20.jpg,indoors,indoors,indoors
Stairs/240405194_1150134c20.jpg,stairs,stairs,stairs
Stairs/3081216595_f42799f4a2.jpg,indoors,stairs,indoors
Stairs/161277039_4b1f441fb8.jpg,indoors,stairs,indoors
Stairs/414079921_333ac894fb.jpg,stairs,stairs,stairs
Stairs/2307376591_945710d5af.jpg,stairs,stairs,indoors
Stairs/2155504188_ff153ac387.jpg,stairs,stairs,stairs
Stairs/1541765240_b6e59d8080.jpg,stairs,stairs,stairs
Stairs/389393327_5c0d5eb641.jpg,stairs,stairs,stairs
Stairs/2571290300_db5930012d.jpg,stairs,stairs,stairs
Stairs/3665775673_2697fe6c3f.jpg,stairs,stairs,stairs
Stairs/2349449060_8ea78e5548.jpg,stairs,stairs,stairs
Stairs/491432127_300e4813eb.jpg,indoors,stairs,stairs
Stairs/2395151145_d336002f67.jpg,stairs,indoors,stairs
Stairs/2548475563_ce59b77a0f.jpg,stairs,stairs,indoors
Stairs/T1_t8aXiNbLcAH.ynX_085515.jpg_b.jpg.2,stairs,stairs,stairs
Stairs/199515010_481dc580b2.jpg,indoors,stairs,stairs
Stairs/472947877_89a493fa9b.jpg,stairs,stairs,indoors
Stairs/143738213_46a1e38772.jpg,stairs,stairs,stairs
Stairs/2230462519_9dc5dbded4.jpg,stairs,stairs,stairs
Stairs/2734609625_d9150c2824.jpg,indoors,stairs,indoors
Stairs/temp_07122116461815.jpg,stairs,stairs,stairs
Stairs/53746487_8d6cc4f261.jpg,indoors,stairs,stairs
Stairs/15469654_01d9db92f8.jpg,stairs,stairs,indoors
Stairs/curved-stairs-carpeting.jpg,stairs,stairs,stairs
Stairs/2886918705_290e1ef78f.jpg,stairs,stairs,stairs
Stairs/18483616_1d14b799c7.jpg,stairs,stairs,stairs
Stairs/458773701_08ebecfc68.jpg,stairs,indoors,stairs
Stairs/T15KVXXbhdLkxpabba_090225.jpg_b.jpg.2,stairs,stairs,indoors
Stairs/Staircarpet-SurefitDoncaster.jpg,stairs,stairs,stairs
Stairs/214457795_8d33fcc87c.jpg,stairs,stairs,stairs
Stairs/250856864_086124ae8b.jpg,indoors,stairs,stairs
Stairs/2653197530_da221559ab.jpg,indoors,stairs,indoors
Stairs/2235717954_1533fabf86.jpg,stairs,stairs,indoors
Stairs/T1jB8dXoazFdLesQ6X_115842.jpg_b.jpg,stairs,stairs,stairs
Stairs/94~4888.jpg.2,stairs,stairs,stairs
Stairs/4174764_f591035f30.jpg,stairs,stairs,stairs
Stairs/stairs.jpg,indoors,stairs,stairs
Stairs/2139218713_d24d863c87.jpg,indoors,stairs,stairs
Stairs/1780631568_cd8fabae13.jpg,stairs,stairs,indoors
Stairs/Imagen194.jpg.2,stairs,stairs,indoors
Stairs/2938869328_02573ab52c.jpg,stairs,stairs,stairs
Stairs/1496883995_2d7b4e5c0d.jpg,stairs,stairs,stairs
Stairs/163777144_9c2ac9736a.jpg,stairs,stairs,stairs
Stairs/2281024156_81505b030c.jpg,stairs,stairs,stairs
Stairs/2578474605_44cce7b41a.jpg,stairs,stairs,stairs
Stairs/005.JPG,stairs,stairs,stairs
Stairs/187404412_0671daaae8.jpg,stairs,stairs,stairs
Stairs/2725452614_9b60e988bf.jpg,stairs,stairs,indoors
Stairs/3188896.jpg,stairs,stairs,stairs
Stairs/T1bJBbXbhh0Zyosu7V_020401.jpg_b.jpg,stairs,stairs,stairs
Stairs/754881657_92c5447217.jpg,stairs,stairs,stairs
Stairs/3277855332_a2baed8e9e.jpg,stairs,stairs,stairs
Stairs/Hutchins stair.jpg,stairs,stairs,stairs
Stairs/4744652_61e424aee6.jpg,stairs,stairs,stairs
Stairs/2506709915_9fa4e85a08.jpg,stairs,stairs,indoors
Stairs/2270824579_49f76b8b86.jpg,stairs,stairs,stairs
Stairs/traploper09.jpg.1,stairs,stairs,stairs
Stairs/581669447_05ed770f79.jpg,indoors,stairs,stairs
Stairs/127885345_d060998c21.jpg,stairs,stairs,stairs
Stairs/1657330759_b4df4c3f7c.jpg,stairs,stairs,stairs
Stairs/356661655_4c9de71b71.jpg,indoors,stairs,stairs
Stairs/2489194606_536a7d7282.jpg,stairs,stairs,stairs
Stairs/399782659_3db22aff88.jpg,indoors,stairs,stairs
Stairs/2008091811204374067.jpg,stairs,stairs,stairs
Stairs/2134210225_bc0ddbe300.jpg,stairs,stairs,indoors
Stairs/108321220_a6e80083ec.jpg,stairs,stairs,stairs
Stairs/1847315275_5a0b3d626b.jpg,indoors,indoors,stairs
Stairs/1491524213_1a3313a117.jpg,stairs,stairs,stairs
Stairs/2932046888_00a23ffb9a.jpg,stairs,stairs,stairs
Stairs/340119069_47d0aa6704.jpg,stairs,stairs,indoors
Stairs/2481794848_ec3a270473.jpg,indoors,stairs,indoors
Stairs/2893780007_3e2b3d6984.jpg,stairs,stairs,stairs
Stairs/1291527861_c59d951523.jpg,stairs,stairs,stairs
Stairs/3881399370_1a6da13ae8.jpg,stairs,stairs,stairs
Stairs/1398349198_a5e6d0e1e2.jpg,stairs,stairs,stairs
Stairs/6a00e0098248278833010534ad5019970c-500wi,stairs,stairs,stairs
Stairs/2431951167_4e8b670190.jpg,stairs,stairs,stairs
Stairs/2414747268_59a869fffa.jpg,stairs,stairs,stairs
Stairs/199066752_a31e14e5a3.jpg,stairs,stairs,stairs
Stairs/2591063979_c094e1f0a2.jpg,stairs,stairs,stairs
Stairs/422928841_0a9a111829.jpg,stairs,indoors,stairs
Stairs/371235145_a68da7e594.jpg,stairs,stairs,indoors
Stairs/vi_66171_1771800_293190.jpg,stairs,stairs,indoors
Stairs/2465078681_288f2d4c56.jpg,stairs,stairs,stairs
Stairs/3009230676_cabcb43ab5.jpg,indoors,stairs,stairs
Stairs/324196253_78eb84770d.jpg,stairs,stairs,stairs
Stairs/traploper.jpg.1,stairs,stairs,stairs
Stairs/1237356809267.jpg.2,stairs,stairs,stairs
Stairs/2238504569_b93b921e64.jpg,indoors,stairs,stairs
Stairs/143215366_4303bc846e.jpg,stairs,stairs,stairs
Stairs/2345781684_fdecc29e53.jpg,stairs,stairs,stairs
Stairs/1909310801_5237e07f5c.jpg,indoors,stairs,indoors
Stairs/145587897_02ed7e9c16.jpg,stairs,stairs,stairs
Stairs/2134589005_cea06b1e8a.jpg,door,stairs,door
Stairs/2180612309_53ebd70ecc.jpg,indoors,stairs,indoors
Stairs/2736328426_c7dbd07972.jpg,stairs,stairs,indoors
Stairs/92124006_8ba66a136b.jpg,indoors,indoors,stairs
Stairs/1529456077_2eafa7d531.jpg,stairs,stairs,stairs
Stairs/1363197657_7e096cbc06.jpg,stairs,stairs,indoors
Stairs/1580465113_737a63f0e5.jpg,stairs,stairs,stairs
Stairs/2894692242_e2668391fc.jpg,stairs,stairs,indoors
Stairs/1564883871_aff68fd9fc.jpg,stairs,stairs,stairs
Stairs/2526735463_e367fed177.jpg,stairs,indoors,stairs
Stairs/881235617_37964bdeca.jpg,stairs,stairs,stairs
Stairs/W020061231425175372198.jpg,indoors,indoors,stairs
Stairs/25116883_cedcd5731d.jpg,indoors,stairs,stairs
Stairs/3050380407_8e971a433e.jpg,stairs,stairs,stairs
Stairs/2915904603_3c64333a39.jpg,stairs,stairs,stairs
Stairs/82989714_74b3f36727.jpg,stairs,stairs,stairs
Stairs/44677648_37fc6b4c5d.jpg,stairs,stairs,stairs
Stairs/496541846_bae1fbef62.jpg,stairs,stairs,stairs
Stairs/1023042307_c40db4b9b1.jpg,stairs,stairs,stairs
Stairs/41883421_5e73002ba9.jpg,stairs,stairs,stairs
Stairs/271936476_25dce85785.jpg,indoors,stairs,indoors
Stairs/1746198912_d990a8ffee.jpg,stairs,stairs,stairs
Stairs/3003879699_3994cf30da.jpg,indoors,stairs,stairs
Stairs/2273378001_2e36607d16.jpg,stairs,stairs,stairs
Stairs/789971678_ce526516c3.jpg,stairs,stairs,stairs
Stairs/455908640_834f2ed1c8.jpg,stairs,stairs,stairs
Stairs/1762187302_54832029aa.jpg,stairs,stairs,stairs
Stairs/2277550874_81ff0979cd.jpg_v=0,stairs,stairs,stairs
Stairs/535097890_c407735023.jpg,stairs,stairs,indoors
Stairs/369737339_d41e86c927.jpg,indoors,stairs,indoors
Stairs/2983260706_36e338b7bd.jpg,stairs,stairs,indoors
Stairs/2084926758_f4c22d6c73.jpg,stairs,stairs,stairs
Stairs/3092053222_86aec69781.jpg,stairs,stairs,stairs
Stairs/stair-runners-headstone.jpg,indoors,stairs,stairs
Stairs/sfeerbeeld_trap.jpg,stairs,stairs,stairs
Stairs/35586541_4ccd4a3e43.jpg,stairs,stairs,stairs
Stairs/42919370_4186b55635.jpg,stairs,stairs,stairs
Stairs/69988963_f4927075ff.jpg,stairs,stairs,stairs
Stairs/146808963_47aad4b6bf.jpg,stairs,stairs,stairs
Stairs/3036073525_7020f48939.jpg,stairs,stairs,stairs
Stairs/carpets-1.jpg,stairs,stairs,stairs
Stairs/82989715_040d7c0db2.jpg,indoors,stairs,stairs
Stairs/30132507_f377bac3a8.jpg,indoors,stairs,stairs
Stairs/1396783_700d160344.jpg,stairs,stairs,stairs
Stairs/198628329_7c8beb1188.jpg,indoors,stairs,stairs
Stairs/1306296229_4255ff3853.jpg,stairs,stairs,stairs
Stairs/2900815847_4e0135c5b0.jpg,indoors,indoors,stairs
Stairs/1860303_25784a7f47.jpg,stairs,stairs,stairs
Stairs/2347504789_538a20898c.jpg,stairs,stairs,stairs
Stairs/2888929945_9495ddf9de.jpg,stairs,stairs,indoors
Stairs/2396762439_e925733566.jpg,indoors,stairs,stairs
Stairs/979496974_7676addc3f.jpg,stairs,indoors,stairs
Stairs/445228767_7d4672bddb.jpg,stairs,stairs,stairs
Stairs/2548679785_eab2339e58.jpg,stairs,stairs,indoors
Stairs/11apr4.jpg,stairs,stairs,stairs
Stairs/509716465_4c84697259.jpg,stairs,stairs,stairs
Stairs/940352145_ce395e0e73.jpg,indoors,indoors,stairs
Stairs/2704057741_65d79ce63c.jpg,stairs,stairs,stairs
Stairs/1077092883_e27a9f693a.jpg,indoors,stairs,indoors
Stairs/525306106_a17c4dc4c0.jpg,indoors,stairs,indoors
Stairs/3048844993_abc7da99c3.jpg,stairs,stairs,indoors
Stairs/2538365606_64a58a1ac5.jpg,stairs,stairs,stairs
Stairs/2075289427_f7c3536954.jpg,stairs,stairs,stairs
Stairs/3009211595_56e5c78409.jpg,indoors,stairs,indoors
Stairs/313614024_2b20ded3cc.jpg,stairs,stairs,stairs
Stairs/2922382278_5bf133e0eb.jpg,indoors,stairs,stairs
Stairs/100_1053.JPG.1,stairs,stairs,stairs
Stairs/135014903_b43a6283bb.jpg,stairs,indoors,stairs
Stairs/217745155_9a4540c650.jpg,stairs,stairs,stairs
Stairs/T1uChdXgQEFJKGLMMT_011731.jpg_160x160.jpg,stairs,stairs,stairs
Stairs/3019434793_4a2a47cf5c.jpg,stairs,stairs,stairs
Stairs/124802193_5fe8fd6419.jpg,indoors,stairs,stairs
Stairs/Sraircaseinplymouth.jpg,stairs,stairs,stairs
Stairs/452988598_e246e01d58.jpg,stairs,stairs,stairs
Stairs/2282226562_99051f83db.jpg,stairs,stairs,stairs
Stairs/tappeto-passatoia-22359.jpg,stairs,stairs,indoors
Stairs/667891948_e581ab0fb5.jpg,stairs,stairs,stairs
Stairs/451466846_31c80ac811.jpg,stairs,stairs,indoors
Stairs/3614819450_5d29a0b8dd.jpg,stairs,stairs,stairs
Stairs/406352523_e23a0e08b0.jpg,stairs,stairs,indoors
Stairs/1929763215_e4263e32de.jpg,indoors,stairs,indoors
Stairs/3692619607_069fd007b3.jpg,indoors,stairs,stairs
Stairs/746389231_6164ca2743.jpg,stairs,stairs,stairs
Stairs/1306643414_ded8c8e41b.jpg,stairs,stairs,stairs
Stairs/2499110721_8240f6c22e.jpg,stairs,stairs,stairs
Stairs/1462064046_a855640d5e.jpg,indoors,stairs,stairs
Stairs/845480716_ce8cb642bd.jpg,stairs,stairs,stairs
Stairs/passaright.jpg,stairs,stairs,stairs
Stairs/556027701_781b5ea623.jpg,indoors,stairs,stairs
Stairs/2223818634_baae3aaf8e.jpg,indoors,stairs,indoors
Stairs/2270348889_f41ccf75e1.jpg,door,stairs,stairs
Stairs/2662449876_a386b75c71.jpg,stairs,stairs,stairs
Stairs/1313766749_ef0c530f6d.jpg,indoors,indoors,stairs
Stairs/720713311_293fb895dd.jpg,stairs,stairs,stairs
Stairs/1218010821_d31cbddea6.jpg,stairs,stairs,stairs
Stairs/486956662_395ba8c7fc.jpg,indoors,stairs,indoors
Stairs/2375913804_49446769b6.jpg,stairs,stairs,stairs
Stairs/189558158_bc616b4c49.jpg,stairs,stairs,stairs
Stairs/2614624623_9c2941c621.jpg,stairs,stairs,indoors
Stairs/T1NYhdXeY.mJLJufg__105929.jpg_b.jpg,stairs,stairs,stairs
Stairs/109570097_15fd9d00a1.jpg,indoors,stairs,stairs
Stairs/2049392396_469064231d.jpg,stairs,stairs,stairs
Stairs/2695070110_8253caba93.jpg,indoors,stairs,indoors
Stairs/2718152785_f8a3248e19.jpg,indoors,indoors,indoors
Stairs/539656860_0a24a66efe.jpg,stairs,stairs,indoors
Stairs/407484861_fb2bbf7f21.jpg,stairs,stairs,stairs
Stairs/2316487189_9c0352bf93.jpg,stairs,stairs,stairs
Stairs/2483518329_910f61cc13.jpg,stairs,stairs,indoors
Stairs/T1EJdXXolbLoA4ip_X_084145.jpg_310x310.jpg.2,stairs,stairs,stairs
Stairs/2581100951_b8f5cd567c.jpg,indoors,stairs,stairs
Stairs/1896002352_56b561bf5d.jpg,indoors,stairs,indoors
Stairs/55082338_ba1aafac9a.jpg,stairs,door,indoors
Stairs/140539737_affa463e41.jpg,stairs,stairs,stairs
Stairs/186693504_e16cb94730.jpg,stairs,stairs,stairs
Stairs/236750092_0ddc334ec0.jpg,stairs,stairs,stairs
Stairs/1394868341_fd5899797f.jpg,stairs,stairs,stairs
Stairs/2058839477_9294d5eab0.jpg,indoors,stairs,indoors
Stairs/2514821394_6fb65667ef.jpg,stairs,stairs,stairs
Stairs/1143705217_71b2654047.jpg,stairs,stairs,indoors
Stairs/T1WRpbXgJp9gAuOIM0_034541.jpg_310x310.jpg,stairs,stairs,stairs
Stairs/IMG_6470.JPG,stairs,stairs,stairs
Stairs/2311617203_20b074bf33.jpg,stairs,indoors,indoors
Stairs/2538870055_522b28edd6.jpg,indoors,stairs,stairs
Stairs/242732171,stairs,stairs,stairs
Stairs/1856091218_f539bcd0a6.jpg,indoors,stairs,stairs
Stairs/164097318_9a9c1876b8.jpg,stairs,stairs,indoors
Stairs/56550088_01b9d4b80c.jpg,stairs,stairs,indoors
Stairs/111931320_2a03ca6147.jpg,indoors,stairs,stairs
Stairs/3042354943_2faba74d6e.jpg,indoors,indoors,stairs
Stairs/2277402536_4afae6457a.jpg,stairs,stairs,stairs
Stairs/438675900_9da120e724.jpg,indoors,stairs,indoors
Stairs/2519670034_dce09a836a.jpg,stairs,stairs,stairs
Stairs/7586.jpg,stairs,stairs,stairs
Stairs/2357548135_94a8555d7a.jpg,indoors,stairs,stairs
Stairs/132378_1c9c0b1598.jpg,stairs,stairs,indoors
Stairs/491037841_7fe64798d4.jpg,stairs,stairs,stairs
Stairs/333204372_3ae0396e34.jpg,stairs,stairs,stairs
Stairs/3221657746_d024fb119f.jpg,stairs,stairs,indoors
Stairs/271114314_d5ae2ea6fa.jpg,stairs,stairs,indoors
Stairs/430559405_f6e2e66ab2.jpg,stairs,stairs,stairs
Stairs/2045600828_4d42b19949.jpg,stairs,stairs,stairs
Stairs/297867776_c6ddc3813e.jpg,indoors,stairs,stairs
Stairs/2253757926_923b8c3d26.jpg,stairs,stairs,stairs
Stairs/145142108_e039f46aba.jpg,stairs,indoors,stairs
Stairs/109190360_d84f452124.jpg,stairs,stairs,stairs
Stairs/2775966308_ebb81a79b3.jpg,stairs,stairs,stairs
Stairs/9558628_492b9e881b.jpg,stairs,stairs,stairs
Stairs/207231371_a03690e7f6.jpg,indoors,stairs,stairs
Stairs/386376719_42ec5bdb20.jpg,stairs,stairs,stairs
Stairs/2553552746_851a28ea93.jpg,stairs,stairs,indoors
Stairs/2819572592_e612f90971.jpg,indoors,stairs,indoors
Stairs/1093936779_3f608c2587.jpg,indoors,stairs,stairs
Stairs/250398288_1b80b7cf0e.jpg,indoors,stairs,stairs
Stairs/102035816_75c607fe9a.jpg,stairs,stairs,stairs
Stairs/2834177594_b429b4de67.jpg,stairs,indoors,indoors
Stairs/341384956_8056f20880.jpg,stairs,stairs,stairs
Stairs/2286426287_a0f6aa9792.jpg,stairs,indoors,indoors
Stairs/2832264103_2804acedea.jpg,door,stairs,indoors
Stairs/87755996_5c184ea72e.jpg,stairs,stairs,stairs
Stairs/1673365514_d819ba5b92.jpg,indoors,stairs,indoors
Stairs/1475805453_50404786d8.jpg,stairs,stairs,indoors
Stairs/106251148_48ecbf813a.jpg,indoors,stairs,stairs
Stairs/2073587373_c0fc2f7630.jpg,indoors,stairs,stairs
Stairs/2630299521_dafe8bc284.jpg,stairs,stairs,stairs
Stairs/365391751_8406be1f4a.jpg_v=0,stairs,stairs,indoors
Stairs/2964099726_cc82948096.jpg,stairs,indoors,indoors
Stairs/2476296958_50f29406d1.jpg,indoors,stairs,indoors
Stairs/905341697_1cb9b2152c.jpg,stairs,stairs,stairs
Stairs/3002121709_35c1d7c671.jpg,indoors,stairs,indoors
Stairs/429319591_5bcfb248f6.jpg,stairs,stairs,stairs
Stairs/2309244993_2d2a592f7c.jpg,stairs,stairs,indoors
Stairs/2301922563_8a96c0882b.jpg,indoors,stairs,stairs
Stairs/1797192389_41e75f2ec8.jpg,stairs,indoors,indoors
Stairs/2357231296_9a5463ecc8.jpg,stairs,stairs,indoors
Stairs/2817464052_5331975b5a.jpg,stairs,stairs,stairs
Stairs/80593277_4adef7e20d.jpg,indoors,stairs,stairs
Stairs/49738593_f9ea082139.jpg,stairs,stairs,stairs
Stairs/540542589_e1f32f0365.jpg,indoors,stairs,indoors
Stairs/342453485_09f7c57e6d.jpg,stairs,stairs,stairs
Stairs/410983436_d52afecc63.jpg,indoors,stairs,stairs
Stairs/154045483_b2b1a67433.jpg,stairs,stairs,stairs
Stairs/304051545_7ede0e9229.jpg,indoors,stairs,indoors
Stairs/T1PSddXfW5FJJu8hU5_055900.jpg_160x160.jpg,stairs,stairs,stairs
Stairs/585134698_095d0b7bf9.jpg,stairs,stairs,stairs
Stairs/underthestairdrawers.jpg,stairs,stairs,stairs
Stairs/2596598331_8bdab6e6d0.jpg,indoors,stairs,stairs
Stairs/1694848865_311e9116ba.jpg,indoors,indoors,stairs
Stairs/3026984194_4f0a2c17f8.jpg,stairs,stairs,stairs
Stairs/3049687774_3fca5ce613.jpg,indoors,stairs,stairs
Stairs/263243811_0b8433071f.jpg,stairs,indoors,indoors
Stairs/2138440305_3863faa1f6.jpg,indoors,stairs,indoors
Stairs/898541212_894083dc8f.jpg,indoors,stairs,indoors
Stairs/1264666628_c4a7c3a905.jpg,stairs,stairs,stairs
Stairs/2195089611_b33582b174.jpg,stairs,stairs,stairs
Stairs/1877083277_42b695dbfb.jpg,stairs,stairs,indoors
Stairs/1193107112308_000.jpg,stairs,stairs,indoors
Stairs/3025336105_827ac6f948.jpg,stairs,stairs,stairs
Stairs/409184764_6e98f00b3d.jpg,stairs,stairs,indoors
Stairs/5432640_98cd642026.jpg,indoors,stairs,stairs
Stairs/4984023_d1e6ffdf88.jpg,stairs,indoors,stairs
Stairs/2125344646_99f7bdba5a.jpg,stairs,stairs,indoors
Stairs/1370213878_dc41dc65b8.jpg,stairs,stairs,indoors
Stairs/430192377_aac9608be9.jpg,stairs,stairs,indoors
Stairs/252437891_5181a0ec6f.jpg,stairs,stairs,indoors
Stairs/53282657_8895ef0373.jpg,indoors,stairs,indoors
Stairs/2763934930_805d92dd0d.jpg,stairs,stairs,stairs
Stairs/2699373650_7d45018ef9.jpg,stairs,stairs,stairs
Stairs/169948763_b992c26fe6.jpg.1,indoors,stairs,stairs
Stairs/113508383_c2325f64c7.jpg,stairs,stairs,stairs
Stairs/116397637_c6fc110a41.jpg,stairs,stairs,stairs
Stairs/2509548081_602617313b.jpg,indoors,indoors,indoors
Stairs/157670044_cde754f1f2.jpg,stairs,stairs,stairs
Stairs/3092310876_8acac715ae.jpg,stairs,stairs,stairs
Stairs/181010564_8ea215198e.jpg,stairs,stairs,stairs
Stairs/3031998474_84debe7dda.jpg,indoors,stairs,stairs
Stairs/460733346_acd98b6be3.jpg,indoors,stairs,stairs
Stairs/415742451_765e2373b6.jpg,stairs,stairs,stairs
Stairs/189815976_a9f76a4dda.jpg,stairs,stairs,stairs
Stairs/2099139102_4b8e829314.jpg,indoors,indoors,indoors
Stairs/108972150_6627c3f1b2.jpg,indoors,indoors,stairs
Stairs/2501367261_cf6dacb878.jpg,stairs,stairs,stairs
Stairs/527843711_dade65a8b0.jpg,stairs,stairs,stairs
Stairs/2757174032_17233f8966.jpg,stairs,stairs,indoors
Stairs/1556828349_5751e4d719.jpg,indoors,stairs,indoors
Stairs/105741125_b485e1c7b5.jpg,stairs,stairs,stairs
Stairs/2659572778_58de8aef14.jpg,indoors,indoors,indoors
Stairs/70580583_be5fdfc30f.jpg,stairs,stairs,stairs
Stairs/272244255_02c930a7c7.jpg,indoors,stairs,stairs
Stairs/1347171965_f21714ae0b.jpg,stairs,stairs,stairs
Stairs/383047544_5846405f63.jpg,indoors,stairs,stairs
Stairs/32824417_8ed3cb9f4b.jpg,stairs,stairs,stairs
Stairs/437618250_0415eada3f.jpg,indoors,stairs,stairs
Stairs/3841443838_aa74fd99a9.jpg,stairs,stairs,stairs
Stairs/2653889355_df1d146a5c.jpg,indoors,indoors,indoors
Stairs/502093922_bdc384c1d8.jpg,stairs,stairs,indoors
Stairs/2370945658_844399abfd.jpg,stairs,stairs,stairs
Stairs/Traploper+past.JPG,indoors,stairs,indoors
Stairs/2243333872_64f78bafdb.jpg,stairs,stairs,indoors
Stairs/2761007763_59aa0078d5.jpg,indoors,stairs,stairs
Stairs/2165501171_28bd445e56.jpg,indoors,stairs,stairs
Stairs/662879140_e9bb6eae9a.jpg,stairs,stairs,stairs
Stairs/435102558_46670f3523.jpg,stairs,indoors,stairs
Stairs/365950686_86ee96463a.jpg,stairs,stairs,stairs
Stairs/95111823_cc29b60995.jpg,stairs,stairs,indoors
Stairs/37399129_bc9dd201c9.jpg,stairs,stairs,stairs
Stairs/T1xc4aXdqmYJz1upjX.jpg_b.jpg,stairs,stairs,stairs
Stairs/81237421_d0906447b0.jpg,stairs,stairs,stairs
Stairs/408503145_3808161a30.jpg,stairs,stairs,indoors
Stairs/272374258_194e1a3cd5.jpg,indoors,stairs,indoors
Stairs/3740091699_07946489eb.jpg,stairs,stairs,stairs
Stairs/2706270284_81d4e402ec.jpg,stairs,stairs,stairs
Stairs/2722883722_0f21a4b7fb.jpg,stairs,stairs,stairs
Stairs/268408730_847177061f.jpg,stairs,stairs,stairs
Stairs/2871742583_190da6312d.jpg,indoors,stairs,stairs
Stairs/533711844_319dbf1426.jpg,indoors,stairs,indoors
Stairs/20789381_9c45bc4641.jpg,indoors,stairs,indoors
Stairs/47383190_eddad744b5.jpg,stairs,stairs,stairs
Stairs/2652482061_00cafd3d29.jpg,stairs,stairs,stairs
Stairs/1459453992_3413fa2f72.jpg,stairs,stairs,stairs
Stairs/custom-stair-carpet~s100x100.jpg,stairs,stairs,stairs
Stairs/escaleras+miniaturas.JPG,stairs,stairs,stairs
Stairs/61028184_63eaf905ae.jpg,door,door,door
Stairs/2779303725_c76d92244a.jpg,stairs,stairs,stairs
Stairs/144607083_26abdff943.jpg,stairs,stairs,stairs
Stairs/2897834092_264854258e.jpg,indoors,stairs,stairs
Stairs/331651010_3d196fdf18.jpg,stairs,stairs,stairs
Stairs/2903233531_b0abde66b8.jpg,stairs,stairs,indoors
Stairs/1590589397_5bd27f6037.jpg,stairs,stairs,stairs
Stairs/2195020484_fbf5b9f947.jpg,indoors,stairs,stairs
Stairs/113184098_297e15170f.jpg,stairs,stairs,indoors
Stairs/460441699_dfaddad1cf.jpg,stairs,indoors,stairs
Stairs/3165538067_0b440cbf32.jpg,stairs,stairs,stairs
Stairs/escalera.jpg.1,stairs,indoors,indoors
Stairs/1897142091_d487b84c1f.jpg,indoors,indoors,stairs
Stairs/7082940_dd4d60d19a.jpg,indoors,stairs,stairs
Stairs/66425567_147d641364.jpg,stairs,indoors,stairs
Stairs/293756153_92209988f4.jpg,stairs,indoors,indoors
Stairs/2176179195_a7924b4306.jpg,stairs,stairs,indoors
Stairs/2195735965_5d1663f54e.jpg,indoors,stairs,stairs
Stairs/802653340_79d5aa4d78.jpg,stairs,stairs,stairs
Stairs/237457069_3a83f42f62.jpg,stairs,stairs,stairs
Stairs/107332053_c40e7b749b.jpg,stairs,stairs,stairs
Stairs/42918393_adc3634c71.jpg,stairs,stairs,door
Stairs/235217932_70eeeabf13.jpg,indoors,stairs,indoors
Stairs/3537984191_e0514ed867.jpg,indoors,stairs,indoors
Stairs/406350274_78f45db3a1.jpg,stairs,stairs,stairs
Stairs/2416150504_22110642b2.jpg,stairs,stairs,stairs
Stairs/2245836510_b077658dea.jpg,stairs,stairs,stairs
Stairs/P1030357.jpg,indoors,stairs,door
Stairs/483012646_195b3836ea.jpg,indoors,stairs,stairs
Stairs/2529934754_98313e0b30.jpg,indoors,indoors,indoors
Stairs/T1JLpdXa0GLoEGRnkU_015809.jpg_b.jpg,stairs,stairs,stairs
Stairs/332130315_683f6fc916.jpg,stairs,stairs,stairs
Stairs/485663094_96f88d9913.jpg,indoors,stairs,stairs
Stairs/77976098_f53d5704a4.jpg,indoors,stairs,stairs
Stairs/2206656966_798afddac6.jpg,indoors,stairs,stairs
Stairs/T1artdXbbAm0JiZ4A5_055838.jpg_b.jpg,stairs,stairs,stairs
Stairs/65262910_558baf618e.jpg,stairs,stairs,stairs
Stairs/T1Qd0fXlm4S0JFRcw2_043401.jpg_b.jpg,stairs,stairs,indoors
Stairs/2440926394_151accac85.jpg,indoors,stairs,indoors
Stairs/rozentraploper.jpg,stairs,stairs,stairs
Stairs/2649581929_8ece7b5cc3.jpg,indoors,stairs,stairs
Stairs/390157622_10f829e733.jpg,stairs,indoors,stairs
Stairs/T1KoxaXfdbKIzrTBk._083238.jpg_310x310.jpg.2,stairs,stairs,stairs
Stairs/2235695832_917bff6289.jpg,indoors,stairs,stairs
Stairs/3018733364_faa1e37c6d.jpg,stairs,stairs,indoors
Stairs/3048857529_6ab2bf1051.jpg,indoors,stairs,indoors
Stairs/1339972693_4bb0660d4d.jpg,indoors,stairs,stairs
Stairs/19768400_3ae7d42904.jpg,stairs,stairs,stairs
Stairs/2708005619_dc2e9f562f.jpg,indoors,stairs,stairs
Stairs/51046143_01a77c3130.jpg,stairs,stairs,door
Stairs/2275177914_d5df15451a.jpg,indoors,stairs,stairs
Stairs/2882035490_ac0ca100db.jpg,stairs,stairs,indoors
Stairs/2279456445_9dec976854.jpg,stairs,stairs,stairs
Stairs/T13HJXXoFaKsA8UrzX_114336.jpg_b.jpg,stairs,stairs,stairs
Stairs/577687437_3b5bcb6aea.jpg,stairs,indoors,door
Stairs/325442422_859390e8b9.jpg,stairs,stairs,indoors
Stairs/266663356_97bc041864.jpg,stairs,indoors,indoors
Stairs/2649872599_9a41d7c719.jpg,stairs,indoors,stairs
Stairs/A26664-20060116150325.jpg,stairs,stairs,stairs
Stairs/81242878_390732f8d1.jpg,stairs,stairs,stairs
Stairs/3054108098_6bc857342d.jpg,indoors,stairs,stairs
Stairs/2580514860_89844179c8.jpg,door,stairs,indoors
Stairs/211601616_69e9bbc01f.jpg,indoors,stairs,stairs
Stairs/2314978857_24f0519098.jpg,stairs,stairs,stairs
Stairs/840651560_b12ed3698a.jpg,indoors,stairs,indoors
Stairs/2728848125_43fc55645b.jpg,stairs,indoors,stairs
Stairs/T1mFFdXmRUF.BEUF7W_022403.jpg.2,stairs,stairs,stairs
Stairs/1804803989_42fac2a65b.jpg,stairs,stairs,stairs
Stairs/2258290716_e2266efc52.jpg,indoors,stairs,indoors
Stairs/14530038_9d8e9fa54c.jpg,stairs,stairs,stairs
Stairs/44918353_d5b701ff06.jpg,stairs,stairs,stairs
Stairs/463256209_2fdcc6a0ba.jpg,stairs,stairs,stairs
Stairs/2680871876_16f73005f5.jpg,stairs,stairs,indoors
Stairs/060417175558543129.jpg,stairs,stairs,stairs
Stairs/landing.jpg,stairs,stairs,indoors
Stairs/297850208_584b4b1142.jpg,stairs,stairs,stairs
Stairs/2238728742_e6c2022864.jpg,stairs,stairs,stairs
Stairs/467222752_db12fbb0c9.jpg,indoors,indoors,indoors
Stairs/938302602_aa084d7223.jpg,stairs,stairs,indoors
Stairs/3052902405_3d2bd305be.jpg,indoors,stairs,indoors
Stairs/731202758_9ead736f2f.jpg,stairs,stairs,indoors
Stairs/133894144_ea147c5758.jpg,stairs,stairs,stairs
Stairs/1290321725_d074b965e0.jpg,indoors,stairs,stairs
Stairs/70972383_4d8cd230bc.jpg,indoors,stairs,indoors
Stairs/261290438_ceb5a63604.jpg,indoors,indoors,stairs
Stairs/2239448652_21972cca8e.jpg,stairs,stairs,indoors
Stairs/22510863_9bb7b3945f.jpg,stairs,stairs,stairs
Stairs/462605750_3573b95137.jpg,stairs,stairs,indoors
Stairs/117596697_112cdcc8ce.jpg,stairs,stairs,indoors
Stairs/3248647412_306a6e71e7.jpg,stairs,stairs,indoors
Stairs/146236658_c4cc5ad0d3.jpg,stairs,stairs,indoors
Stairs/2536957862_3f525c2473.jpg,indoors,stairs,stairs
Stairs/149302571_af32ab73d9.jpg,stairs,stairs,stairs
Stairs/181711222_b848c7a928.jpg,stairs,stairs,stairs
Stairs/918032711_e605cbf1cd.jpg,stairs,stairs,stairs
Stairs/2573257636_8e44ea9054.jpg,indoors,stairs,indoors
Stairs/31464608_5131db43be.jpg,stairs,stairs,stairs
Stairs/495509732_0de8ccd861.jpg,indoors,stairs,indoors
Stairs/486409942_31cac08fa9.jpg,stairs,stairs,indoors
Stairs/302871087_501dfff955.jpg,stairs,indoors,indoors
Stairs/2790221912_ee76561af0.jpg,stairs,stairs,stairs
Stairs/2207130858_887004af84.jpg,indoors,stairs,indoors
Stairs/2807267808_fac4e67097.jpg,stairs,stairs,indoors
Stairs/1486408538_0e6138d6e2.jpg,indoors,indoors,stairs
Stairs/ALFOMBRILLAS.jpg,stairs,stairs,stairs
Stairs/471420597_e80e470924.jpg,indoors,stairs,stairs
Stairs/2460201002_dd9d11aa95.jpg,stairs,stairs,stairs
Stairs/571386991_11473a4918.jpg,indoors,stairs,indoors
Stairs/2985400591_bb7506c614.jpg,stairs,stairs,stairs
Stairs/358520738_1c74d5df46.jpg,indoors,stairs,indoors
Stairs/2621231637_e60ba3a4a0.jpg,indoors,indoors,indoors
Stairs/2628725873_5a6efd6996.jpg,stairs,stairs,stairs
Stairs/126440837_c23bc4b720.jpg,indoors,stairs,indoors
Stairs/1346046823_c4ba33c509.jpg,indoors,indoors,stairs
Stairs/468567832_97fdd34fcd.jpg,stairs,stairs,stairs
Stairs/110263891_a971602617.jpg,indoors,indoors,stairs
Stairs/392989744_9e97adccd2.jpg,indoors,stairs,stairs
Stairs/1231038265941.jpg,stairs,stairs,indoors
Stairs/1356601952_cc0c7493a0.jpg,indoors,stairs,stairs
Stairs/3003480793_76d9c77715.jpg,stairs,stairs,stairs
Stairs/2318028950_cf3f4fcd70.jpg,stairs,stairs,stairs
Stairs/2892089607_3ceb394fbe.jpg,stairs,stairs,indoors
Stairs/2636056943_403ec1d7a3.jpg,indoors,indoors,indoors
Stairs/1193107109938_000.jpg.1,indoors,stairs,stairs
Stairs/541374758_af46c928ec.jpg,stairs,stairs,indoors
Stairs/305927883_13f4692ddc.jpg,stairs,stairs,stairs
Stairs/147972602_f35151f7a7.jpg,stairs,stairs,indoors
Stairs/341487536_b0683ec060.jpg,stairs,stairs,stairs
Stairs/2515134679_1d7b08b165.jpg,stairs,stairs,stairs
Stairs/T1aK8eXdBQLtKusL73_050059.jpg_b.jpg,stairs,stairs,stairs
Stairs/las+palmas+066.jpg,stairs,stairs,indoors
Stairs/1996617991_96ea71f671.jpg,stairs,stairs,stairs
Stairs/1468125651_cc211c66f3.jpg,stairs,stairs,indoors
Stairs/434420014_0fb08d5b52.jpg,stairs,stairs,stairs
Stairs/2131535326_eb7046a784.jpg,indoors,stairs,indoors
Stairs/48738833_25bcf33089.jpg,stairs,stairs,stairs
Stairs/1591591073_b2a07ae610.jpg,stairs,stairs,indoors
Stairs/2848524529_f82f6ce8b7.jpg,indoors,stairs,indoors
Stairs/769290336_b5d326c75c.jpg,indoors,stairs,stairs
Stairs/2445263609_56daa73fd2.jpg,stairs,stairs,indoors
Stairs/543492991_14f3880572.jpg,stairs,stairs,stairs
Stairs/2718829493_b81948cd53.jpg,stairs,stairs,indoors
Stairs/336504467_fb83adac3b.jpg,indoors,stairs,indoors
Stairs/407387725_c9c9a3f407.jpg,stairs,stairs,indoors
Stairs/15435770_10cdf94008.jpg,stairs,stairs,stairs
Stairs/3028191440_5007bddef4.jpg,stairs,stairs,stairs
Stairs/3011110127_467bc343e5.jpg,indoors,stairs,stairs
Stairs/T17GlbXlVaWgxoVPMU_015344.jpg_310x310.jpg,stairs,stairs,stairs
Stairs/2264040109_048df15e17.jpg,stairs,indoors,indoors
Stairs/2579105030_5fc87346ff.jpg,stairs,stairs,stairs
Stairs/68077330_12f952a816.jpg,stairs,stairs,stairs
Stairs/2052053624_3cb36e4ac6.jpg,indoors,stairs,stairs
Stairs/2992272449_f3b6b78487.jpg,stairs,stairs,indoors
Stairs/1449523250_152f3cea5b.jpg,stairs,stairs,stairs
Stairs/108716627_c076b94ef1.jpg,stairs,stairs,stairs
Stairs/234249346_3e19817472.jpg,stairs,stairs,stairs
Stairs/80593274_1870fed8a2.jpg,stairs,stairs,stairs
Stairs/724762034_c82eb9ac8d.jpg,stairs,indoors,indoors
Stairs/2556133156_f16ffa653c.jpg,stairs,stairs,stairs
Stairs/carpets4.jpg,indoors,stairs,stairs
Stairs/216598556_c8bc198c4a.jpg,stairs,stairs,indoors
Stairs/272379527_1b744f905d.jpg,stairs,indoors,indoors
Stairs/2895338520_0951d94c44.jpg,indoors,stairs,stairs
Stairs/2196762780_4a5168b9e6.jpg,stairs,stairs,stairs
Stairs/2187237847_e7e9725db9.jpg,indoors,stairs,indoors
Stairs/340120614_1489caaf40.jpg,indoors,indoors,stairs
Stairs/13638645_fa928699e5.jpg,stairs,stairs,indoors
Stairs/2830356214_d50de0139e.jpg,stairs,stairs,indoors
Stairs/2488377821_13f88dc3ce.jpg,stairs,stairs,stairs
Stairs/121059058_d67775524d.jpg,stairs,stairs,door
Stairs/1322624741_8ccfef570f.jpg,stairs,stairs,stairs
Stairs/2246708232_e7e962808b.jpg,indoors,stairs,stairs
Stairs/3286933913_933cb40868.jpg,stairs,stairs,stairs
Stairs/2907433852_71a20b7dc4.jpg,stairs,stairs,stairs
Stairs/3277033715_7b27ef3620.jpg,stairs,stairs,stairs
Stairs/2275274256_7d4b4b021f.jpg,stairs,stairs,stairs
Stairs/2647081596_9a36c8076e.jpg,indoors,stairs,stairs
Stairs/526170719_113151a125.jpg,indoors,indoors,stairs
Stairs/2375207628_57ce881b48.jpg,indoors,indoors,stairs
Stairs/185294344_b765aa13fe.jpg,stairs,stairs,indoors
Stairs/2209911109_72d4ee5c05.jpg,stairs,stairs,door
Stairs/2248407777_6884a2e87f.jpg,stairs,stairs,indoors
Stairs/51948411_598ceff4f3.jpg,stairs,stairs,stairs
Stairs/3219330979_ce5f1fed90.jpg,stairs,stairs,stairs
Stairs/1299999268_2f2226a8b5.jpg,stairs,stairs,stairs
Stairs/DSCN2842.JPG,stairs,stairs,stairs
Stairs/355644393_ef40ea6c2b.jpg,indoors,stairs,stairs
Stairs/111266589_1c6e26d375.jpg,indoors,stairs,indoors
Stairs/1821086101_bdf51361ea.jpg,indoors,stairs,stairs
Stairs/20377985_594c304e5d.jpg,stairs,stairs,stairs
Stairs/30286193_5ff7776e38.jpg,stairs,stairs,stairs
Stairs/121732353_724f55cadb.jpg,indoors,stairs,stairs
Stairs/2928624975_f20b229657.jpg,stairs,stairs,stairs
Stairs/23908113_4eaf976345.jpg,stairs,stairs,stairs
Stairs/2036976716_9252619195.jpg,stairs,stairs,indoors
Stairs/2717712540_587a84f7d2.jpg,stairs,stairs,stairs
Stairs/T1tFFdXiEFkJLiCn.V_021837.jpg_sum.jpg,stairs,stairs,stairs
Stairs/2164140299_49503fa1dd.jpg,stairs,stairs,stairs
Stairs/1403142332_ee61674b97.jpg,indoors,stairs,indoors
Stairs/159233698_ef1287c4f9.jpg,stairs,stairs,stairs
Stairs/169208264_a46d653696.jpg,stairs,stairs,stairs
Stairs/2966775705_98a978a062.jpg,indoors,stairs,indoors
Stairs/503035592_d32ddfbbf0.jpg,stairs,stairs,stairs
Stairs/2297289835_86ca04a206.jpg,indoors,stairs,stairs
Stairs/357782807_2b63d9e225.jpg,stairs,stairs,stairs
Stairs/1482977757_75dc7e618d.jpg,stairs,stairs,stairs
Stairs/1250125814_0f7229f14d.jpg,stairs,stairs,stairs
Stairs/1205162080931.jpg,stairs,stairs,stairs
Stairs/2240904464_7605105ac8.jpg,stairs,stairs,stairs
Stairs/2084394642_ddda342cfd.jpg,stairs,stairs,stairs
Stairs/2404580494_ef7a7a0e81.jpg,indoors,stairs,indoors
Stairs/2856612823_b84b5bfa6e.jpg,stairs,stairs,stairs
Stairs/2454683738_a02ef576f2.jpg,stairs,stairs,stairs
Stairs/899401550_c75c50df5f.jpg,indoors,stairs,indoors
Stairs/2420922740_f4830bb0d6.jpg,indoors,stairs,stairs
Stairs/371523520_25b3920c91.jpg,indoors,stairs,stairs
Stairs/329612345_055ffdc7e2.jpg,stairs,stairs,stairs
Stairs/2619713679_e2e8ea24f2.jpg,stairs,stairs,stairs
Stairs/2619713679_e2e8ea24f2.jpg,stairs,stairs,stairs
Stairs/2709450888_b78e61ecd0.jpg,indoors,stairs,indoors
Stairs/260844042_25b0bbefa7.jpg,stairs,stairs,stairs
Stairs/37221372_e310d1ccb1.jpg,stairs,stairs,stairs
Stairs/2614311170_dab1cb92e6.jpg,stairs,stairs,stairs
Stairs/2938657837_f853235cb2.jpg,indoors,stairs,stairs
Stairs/168575147_758b3e5b2b.jpg,stairs,stairs,stairs
Stairs/barestairs.jpg,indoors,stairs,stairs
Stairs/2301913834_10b9f4d844.jpg,stairs,indoors,stairs
Stairs/131162200_e700f6b8b2.jpg,stairs,stairs,stairs
Stairs/863715921_096a9c5490.jpg,stairs,stairs,stairs
Stairs/537835298_fdbdc97e0e.jpg,stairs,stairs,stairs
Stairs/2969008919_3b8df09113.jpg,stairs,stairs,stairs
Stairs/1690775446_e722f024dc.jpg,indoors,stairs,indoors
Stairs/2761849145_9a6747d8e6.jpg,stairs,stairs,stairs
Stairs/69186766_25a8a9485f.jpg,stairs,stairs,indoors
Stairs/2175581783_1369da4192.jpg,indoors,stairs,indoors
Stairs/08100810023195.jpg,stairs,stairs,stairs
Stairs/1484460954_b1abd79123.jpg,stairs,stairs,stairs
Stairs/T1aCldXlZ_FJKcv.E__111026.jpg_b.jpg.1,stairs,stairs,stairs
Stairs/2630557778_e7694f0246.jpg,indoors,stairs,stairs
Stairs/2297221907_8f37709108.jpg,stairs,stairs,stairs
Stairs/348726484_7efe63f459.jpg,stairs,stairs,stairs
Stairs/6817165_d80c2999e6.jpg,stairs,stairs,stairs
Stairs/staircarpet.jpg,stairs,stairs,stairs
Stairs/3326473462_02d3f34dd2.jpg,stairs,stairs,stairs
Stairs/107332022_968e981517.jpg,stairs,stairs,stairs
Stairs/3277854994_bd9fe50cdc.jpg,stairs,stairs,stairs
Stairs/2160645362_410cedbc6b.jpg,indoors,stairs,indoors
Stairs/258143843_90a256a353.jpg,indoors,stairs,stairs
Stairs/2536241779_7525648138.jpg,indoors,indoors,indoors
Stairs/2237645693_5f095951ba.jpg,stairs,stairs,indoors
Stairs/1927413341_14c2995074.jpg,stairs,stairs,stairs
Stairs/2820124861_ec2698120c.jpg,stairs,stairs,stairs
Stairs/escaleras-1.jpg,stairs,stairs,stairs
Stairs/01~0001.jpg,stairs,stairs,stairs
Stairs/273409900_4692f442ff.jpg,stairs,stairs,indoors
Stairs/443917467_c6cfcb4dea.jpg,stairs,stairs,indoors
Stairs/3037988432_afe558ef4d.jpg,indoors,stairs,stairs
Stairs/2977123656_0d66703e67.jpg,stairs,stairs,indoors
Stairs/2771304316_9838c0614d.jpg,stairs,stairs,stairs
Stairs/12862990_a7dbcc76f2.jpg,stairs,stairs,stairs
Stairs/2008121110194437184.jpg,stairs,stairs,stairs
Stairs/880426522_25a1e7d5ab.jpg,stairs,stairs,indoors
Stairs/3326483842_b881a32b4c.jpg,stairs,stairs,stairs
Stairs/236339952_f4367912c1.jpg,indoors,stairs,stairs
Stairs/2298762213_df7ce65e3e.jpg,stairs,stairs,indoors
Stairs/92404542_400fa75edd.jpg,indoors,stairs,stairs
Stairs/112849053_03823cb890.jpg,stairs,stairs,stairs
Stairs/2761375577_c8915ce632.jpg,stairs,indoors,stairs
Stairs/146326440_5c0c91e924.jpg,stairs,stairs,indoors
Stairs/198191356_e2257eef5a.jpg,indoors,indoors,stairs
Stairs/cs_pic02.jpg,stairs,stairs,indoors
Stairs/2951986823_830835d9d5.jpg,stairs,stairs,indoors
Stairs/171516128_70c5d51a8d.jpg,stairs,stairs,stairs
Stairs/409734099_8cbea9e75b.jpg,indoors,stairs,indoors
Stairs/346596410_9159edc304.jpg,stairs,stairs,stairs
Stairs/2959701386_8cc4cbe379.jpg,stairs,indoors,stairs
Stairs/76567541_9b7e7105fd.jpg,stairs,stairs,indoors
Stairs/430678313_e0724f3f64.jpg,stairs,stairs,stairs
Stairs/36044107_04450b33b9.jpg,indoors,stairs,stairs
Stairs/2919704040_8f001f9a36.jpg,stairs,stairs,indoors
Stairs/2979555013_47b400a4e3.jpg,indoors,stairs,indoors
Stairs/2746297172_75ee734214.jpg,stairs,stairs,indoors
Stairs/165824794_53fd235dba.jpg,stairs,stairs,stairs
Stairs/2169186193_12a4e9704d.jpg,stairs,stairs,stairs
Stairs/1453012220_f07e4ebe29.jpg,stairs,stairs,indoors
Stairs/3063634860_97311314bb.jpg,stairs,stairs,indoors
Stairs/2653533285_c107696e6d.jpg,stairs,stairs,stairs
Stairs/450769107_e8264acf9d.jpg,stairs,stairs,indoors
Stairs/205984362_da68133b40.jpg,stairs,stairs,stairs
Stairs/335131759_f1f83db5ea.jpg,stairs,stairs,indoors
Stairs/682371380_8361531795.jpg,indoors,stairs,stairs
Stairs/2148522327_f542e71dc2.jpg,stairs,stairs,indoors
Stairs/3048854187_2107558af3.jpg,stairs,stairs,indoors
Stairs/stair+carpet+part+1.JPG,stairs,stairs,stairs
Stairs/369663585_2ccaa7b367.jpg,stairs,stairs,stairs
Stairs/371954541_bade743998.jpg,stairs,stairs,stairs
Stairs/484137208_f3d1a003ce.jpg,stairs,stairs,indoors
Stairs/2521883427_26992a6a44.jpg,stairs,stairs,stairs
Stairs/1215805515_ea7d67df54.jpg,stairs,stairs,stairs
Stairs/97930814_25f3da2717.jpg,stairs,stairs,stairs
Stairs/T1hJNXXfVzXXb1upjX.jpg_b.jpg.2,stairs,stairs,stairs
Stairs/TraploperZwart.jpg.2,stairs,stairs,stairs
Stairs/401240527_324330a465.jpg,stairs,stairs,indoors
Stairs/3024512769_55d038f233.jpg,stairs,stairs,stairs
Stairs/2719414962_678c792834.jpg,stairs,stairs,indoors
Stairs/41807637_418cc7785b.jpg,stairs,stairs,indoors
Stairs/2258228569_73436f12a6.jpg,stairs,stairs,indoors
Stairs/1130585690_d8d657d709.jpg,indoors,stairs,stairs
Stairs/56168004_eddc9a75a1.jpg,indoors,indoors,stairs
Stairs/38355999_078f1643bd.jpg,stairs,stairs,indoors
Stairs/2948831595_b5bf8349bc.jpg,stairs,stairs,stairs
Stairs/1326414574_dab993942f.jpg,stairs,indoors,stairs
Stairs/392309275_003fadcd9f.jpg,stairs,stairs,stairs
Stairs/2560941342_a6bb273de4.jpg,stairs,stairs,stairs
Stairs/391909951_f169b838f6.jpg,stairs,stairs,stairs
Stairs/529142425_b63bc79f98.jpg,indoors,indoors,indoors
Stairs/35275657_6674f5726c.jpg,stairs,stairs,indoors
Stairs/1236049669_76714ef37f.jpg,stairs,stairs,indoors
Stairs/297234182_3d164f149c.jpg,stairs,stairs,indoors
Stairs/367078593_6531345001.jpg,stairs,stairs,stairs
Stairs/2482124338_08f01ded7c.jpg,indoors,stairs,indoors
Stairs/2306075156_dbb93f665b.jpg,stairs,stairs,stairs
Stairs/3041956406_5530c1984b.jpg,stairs,stairs,stairs
Stairs/1995599488_858ebf8716.jpg,stairs,stairs,stairs
Stairs/35158774_e1c1316b17.jpg,stairs,stairs,stairs
Stairs/496011823_d11c7f452b.jpg,stairs,stairs,indoors
Stairs/1553280232_085ce2cdff.jpg,stairs,stairs,indoors
Stairs/2252930420_e13c60e006.jpg,stairs,stairs,stairs
Stairs/2346116086_50a2403b0b.jpg,indoors,stairs,stairs
Stairs/33212524_1a5c7bacd3.jpg,stairs,stairs,stairs
Stairs/2215657807_a3593b7e2b.jpg,stairs,stairs,stairs
Stairs/2460425185_d4328fda41.jpg,stairs,stairs,indoors
Stairs/2656319793_b6a0540c77.jpg,stairs,indoors,indoors
Stairs/1347271734_5384eafcc9.jpg,stairs,stairs,stairs
Stairs/2217771625_0914f6e83c.jpg,stairs,stairs,stairs
Stairs/380902820_5ac7bcaa1f.jpg,stairs,stairs,stairs
Stairs/1731699629_a7cc15da8b.jpg,stairs,stairs,indoors
Stairs/207163903_eb3d6004c5.jpg,indoors,stairs,indoors
Stairs/308657411_91f6af9cc8.jpg,indoors,stairs,stairs
Stairs/176077773_08dd23e224.jpg,indoors,stairs,stairs
Stairs/1120186776_944479fca7.jpg,stairs,stairs,stairs
Stairs/OOOPIC2_junlee0608_200903254ef18957c2a2b6fb.jpg,indoors,stairs,indoors
Stairs/2565626080_3c3e8d10de.jpg,indoors,stairs,indoors
Stairs/426497435_2ff81cd476.jpg,stairs,stairs,stairs
Stairs/2735679050_00c135652f.jpg,indoors,stairs,indoors
Stairs/272204054_6dedf8c210.jpg,stairs,stairs,indoors
Stairs/Versleten-loper1a.jpg,stairs,stairs,stairs
Stairs/escalera_biblioteca.jpg.2,stairs,stairs,indoors
Stairs/1054585830_480d49c1ab.jpg,stairs,stairs,stairs
Stairs/6087769_bc3bde38d0.jpg,stairs,stairs,indoors
Stairs/526892862_f894a66094.jpg,indoors,stairs,stairs
Stairs/P1010331.JPG.1,stairs,stairs,stairs
Stairs/2207326790_fe0d28b2fb.jpg,indoors,stairs,stairs
Stairs/2431748471_1fb75f9cf0.jpg,stairs,stairs,stairs
Stairs/060424171744634399.jpg.2,stairs,stairs,stairs
Stairs/5197091_e20eb6b6dd.jpg,stairs,stairs,stairs
Stairs/2499189313_3d4816d89f.jpg,indoors,stairs,indoors
Stairs/3800736300_f8970a7eb4.jpg,stairs,stairs,stairs
Stairs/2431094326_de5f98955a.jpg,stairs,stairs,stairs
Stairs/2799960389_2acf4d83e3.jpg,stairs,stairs,stairs
Stairs/932967962_bfcb76d377.jpg,indoors,stairs,indoors
Stairs/2770601766_f4a933f06e.jpg,stairs,stairs,stairs
Stairs/1860263069_b1ee14c87e.jpg,stairs,stairs,stairs
Stairs/2659494849_90d53b5ab8.jpg,indoors,stairs,indoors
Stairs/98043188_61514be472.jpg,stairs,stairs,stairs
Stairs/2365179860_d9885ea4d0.jpg,indoors,stairs,stairs
Stairs/2884526163_f272b9e8c6.jpg,indoors,stairs,stairs
Stairs/2745675795_c3f367bc9b.jpg,stairs,stairs,indoors
Stairs/97973717_2346cf090f.jpg,stairs,stairs,stairs
Stairs/2258946738_c9ac116a1b.jpg,stairs,stairs,indoors
Stairs/2362486072_906c8c1a52.jpg,indoors,stairs,stairs
Stairs/111462780_3f297c085f.jpg,stairs,stairs,stairs
Stairs/2439755718_918f10e76d.jpg,indoors,stairs,stairs
Stairs/2135608015_60df4fa052.jpg,indoors,stairs,stairs
Stairs/2782340_2a6c98071c.jpg,stairs,stairs,stairs
Stairs/2219846980_05c2988dab.jpg,stairs,stairs,stairs
Stairs/CARPETplush.jpg,stairs,stairs,stairs
Stairs/2236402484_1f28073ec3.jpg,stairs,stairs,stairs
Stairs/2440130771_6a7c44e5fb.jpg,stairs,stairs,stairs
Stairs/533581026_e529316609.jpg,indoors,stairs,indoors
Stairs/454295067_c05cde7f8e.jpg,indoors,stairs,indoors
Stairs/412478253_a50236df8f.jpg,stairs,stairs,stairs
Stairs/412478253_a50236df8f.jpg,stairs,stairs,stairs
Stairs/2300984967_37b1043980.jpg,indoors,stairs,stairs
Stairs/426502039_35643247e4.jpg,stairs,stairs,stairs
Stairs/2658654664_0b46a1cc5f.jpg,stairs,stairs,door
Stairs/55452390_040ed91839.jpg,door,stairs,stairs
Stairs/507449985_e0dcf975fe.jpg,stairs,stairs,stairs
Stairs/196489766_5150af725e.jpg,indoors,stairs,stairs
Stairs/1776525317_d53c1490f5.jpg,indoors,indoors,stairs
Stairs/379301626_9d0ff12508.jpg,indoors,stairs,indoors
Stairs/2234291771_16be67e3fa.jpg,stairs,stairs,stairs
Stairs/2351299802_1f2146fb3c.jpg,indoors,indoors,indoors
Stairs/202155412_0d5d7741a4.jpg,stairs,stairs,stairs
Stairs/3233483015_b25ea59539.jpg,stairs,stairs,stairs
Stairs/533071954_9a204b5fe4.jpg,indoors,stairs,indoors
Stairs/344066077_ad3d256a6e.jpg,stairs,stairs,stairs
Stairs/423401646_bb0132385d.jpg,stairs,stairs,indoors
Stairs/3057521571_23d2389925.jpg,indoors,indoors,stairs
Stairs/2327872573_1e69b26d89.jpg,stairs,stairs,indoors
Stairs/2281957010_005cd5cfd6.jpg,indoors,stairs,stairs
Stairs/32584367_489ca85e47.jpg,indoors,stairs,indoors
Stairs/457216466_2de6a33c05.jpg,stairs,stairs,stairs
Stairs/T1c4hdXixcOkEZeeQY_025930.jpg_b.jpg,stairs,stairs,stairs
Stairs/254510585_ac6dff1e5b.jpg,stairs,stairs,stairs
Stairs/2621617986_7cd301dcc8.jpg,stairs,stairs,stairs
Stairs/261024615_9e97d5964d.jpg,indoors,stairs,indoors
Stairs/2960998360_2a7425a09c.jpg,stairs,stairs,stairs
Stairs/artsy-rug-carpet-runner.jpg,stairs,stairs,stairs
Stairs/3277033813_5553619969.jpg,stairs,stairs,stairs
Stairs/2830914674_da616bc279.jpg,stairs,stairs,stairs
Stairs/3019569160_4d63fb4f30.jpg,indoors,stairs,indoors
Stairs/38112668_18ddabde94.jpg,stairs,stairs,indoors
Stairs/2864440662_1a7c75e1b8.jpg,stairs,stairs,stairs
Stairs/3791037451_3f975ef9b5.jpg,stairs,stairs,stairs
Stairs/70206806_5a74d7e506.jpg,stairs,stairs,stairs
Stairs/129126983_e7990d8d50.jpg,stairs,stairs,indoors
Stairs/73752295_49db78c6cc.jpg,indoors,indoors,indoors
Stairs/2765181829_86774795c4.jpg,indoors,stairs,indoors
Stairs/2202745272_d522d01f40.jpg,stairs,stairs,indoors
Stairs/327436173_1449226369.jpg,indoors,stairs,stairs
Stairs/7166154_f122d95e79.jpg,stairs,stairs,stairs
Stairs/709650638_506dc03de9.jpg,stairs,stairs,stairs
Stairs/T1iPdbXbhX2gAnZqc__105303.jpg_310x310.jpg,stairs,stairs,indoors
Stairs/T1iPdbXbhX2gAnZqc__105303.jpg_310x310.jpg,stairs,stairs,indoors
Stairs/2327116102_82d15200af.jpg,stairs,stairs,stairs
Stairs/2220693209_b85870012a.jpg,stairs,stairs,stairs
Stairs/182357614_8c34b4a59a.jpg,indoors,indoors,indoors
Stairs/1746738098_b40549bb66.jpg,indoors,stairs,stairs
Stairs/79425009_e38a25001d.jpg,stairs,stairs,stairs
Stairs/99230656_8bbd3eab35.jpg,indoors,stairs,indoors
Stairs/114558092_ede57126bf.jpg,stairs,stairs,indoors
Stairs/7060674_6e5653f0a1.jpg.1,stairs,stairs,stairs
Stairs/T1GghXXnxg.IxlrMg9_103424.jpg_310x310.jpg.2,stairs,stairs,stairs
Stairs/2071192417_be8e021f00.jpg,stairs,stairs,stairs
Stairs/DSC02417.JPG,door,stairs,stairs
Stairs/1151689064_1f947b9d9e.jpg,indoors,stairs,stairs
Stairs/241915982_ba44ab0e12.jpg,stairs,stairs,indoors
Stairs/447925463_d380d1689e.jpg,indoors,stairs,indoors
Stairs/2844538648_6c5af450f9.jpg,stairs,stairs,stairs
Stairs/2311617425_606ed2a23c.jpg,stairs,stairs,stairs
Stairs/458174931_834517fc51.jpg,indoors,stairs,stairs
Stairs/1501659727_6a3de10fd3.jpg,stairs,indoors,indoors
Stairs/1306269948_9b9ac8813b.jpg,stairs,stairs,stairs
Stairs/2964178162_0050ca8fe7.jpg,stairs,stairs,stairs
Stairs/2270445930_3e4006c96d.jpg,stairs,stairs,stairs
Stairs/2448579472_67f8dc5f87.jpg,stairs,stairs,indoors
Stairs/2533724152_917efbd12d.jpg,stairs,indoors,indoors
Stairs/219285041.1,stairs,stairs,stairs
Stairs/2206667805_51cdd93316.jpg,stairs,stairs,stairs
Stairs/113676704_cd5489b7c6.jpg,stairs,stairs,stairs
Stairs/2921633133_343ce14802.jpg,indoors,stairs,stairs
Stairs/2799857938_d3ded30a6f.jpg,stairs,stairs,stairs
Stairs/2465519154_642b5c48fb.jpg,stairs,stairs,stairs
Stairs/2051261072_eda8c60151.jpg,stairs,stairs,stairs
Stairs/2701541434_bf040b2b1d.jpg,indoors,indoors,indoors
Stairs/320288431_72d4375fda.jpg,stairs,stairs,stairs
Stairs/448611736_1373e3bce1.jpg,indoors,stairs,indoors
Stairs/55952434_064214550c.jpg,indoors,stairs,indoors
Stairs/stairs-type.jpg,indoors,stairs,stairs
Stairs/2336690203_1e559c804b.jpg,indoors,stairs,indoors
Stairs/T1XP4XXf0vXXb1upjX.jpg_310x310.jpg,stairs,stairs,stairs
Stairs/2505881244_c234f60fae.jpg,stairs,stairs,indoors
Stairs/2205209088_e1474214dd.jpg,stairs,stairs,stairs
Stairs/31948150_ddd692a09c.jpg,stairs,stairs,stairs
Stairs/2470572533_5966d238de.jpg,stairs,stairs,stairs
Stairs/2500781390_6685078d19.jpg,indoors,indoors,indoors
Stairs/1906602995_a26073d38b.jpg,stairs,stairs,stairs
Stairs/125543734_f328750a3b.jpg,indoors,stairs,stairs
Stairs/2753060023_47bf4d5f07.jpg,stairs,indoors,stairs
Stairs/118978169_74a043acc6.jpg,stairs,stairs,stairs
Stairs/1332451026_115fdd2cb1.jpg,stairs,stairs,stairs
Stairs/stairs.jpg.1,indoors,stairs,stairs
Stairs/91771698_db6ecf0cf3.jpg,indoors,stairs,indoors
Stairs/626010686_0aaf7c017b.jpg,indoors,indoors,indoors
Stairs/1542217334_c509b2cd6b.jpg,indoors,stairs,indoors
Stairs/escalera+con+peldaÃ±os+de+cristal+y+pasamanos+metÃ¡lico.jpg,stairs,stairs,indoors
Stairs/2308519741_8e5fec929b.jpg,indoors,stairs,indoors
Stairs/image stair carpet.jpg,stairs,stairs,stairs
Stairs/T1D9JdXcb8GtKtovjX_115120.jpg_b.jpg,stairs,stairs,stairs
Stairs/2269670204_042c990599.jpg,stairs,stairs,indoors
Stairs/960844773_f6193ba482.jpg,stairs,stairs,stairs
Stairs/3061297423_a903a9532f.jpg,stairs,stairs,stairs
Stairs/T1hRtbXXph9oxpyJ30_034711.jpg_b.jpg,stairs,stairs,stairs
Stairs/92861563_9648003ec1.jpg,indoors,indoors,stairs
Stairs/bW9PU0do.jpg,stairs,stairs,stairs
Stairs/T1YxRcXnFtyUC0bePX_115043.jpg_b.jpg,stairs,stairs,stairs
Stairs/140780756_ae18a41578.jpg,indoors,stairs,indoors
Stairs/141315443_145371e180.jpg,stairs,stairs,stairs
Stairs/410859933_8f538f7c52.jpg,indoors,stairs,indoors
Stairs/194697295_28968e0134.jpg,stairs,stairs,stairs
Stairs/3732176834_7dd4a76512.jpg,indoors,stairs,stairs
Stairs/301663659_831e9cc2e2.jpg,stairs,stairs,indoors
Stairs/2716667746_664aa57db6.jpg,indoors,stairs,stairs
Stairs/328534504_956e76c3ac.jpg,stairs,stairs,stairs
Stairs/3073125438_2244ee2746.jpg,stairs,stairs,stairs
Stairs/78091104_151ec18661.jpg,stairs,stairs,indoors
Stairs/37447568_45d290eeb0.jpg,stairs,stairs,stairs
Stairs/2225722550_39a84c6fcc.jpg,indoors,stairs,stairs
Stairs/173759545_5a801af41f.jpg,stairs,stairs,stairs
Stairs/2197713626_f89056facf.jpg,indoors,stairs,stairs
Stairs/18694379_b0867661b7.jpg,stairs,stairs,stairs
Stairs/2675577782_a65bd0875b.jpg,stairs,stairs,indoors
Stairs/T1F9hdXlsTFJJ_dIwU_013824.jpg_b.jpg,stairs,stairs,stairs
Stairs/1076366684_8889866700.jpg,stairs,stairs,indoors
Stairs/1306269378_2c27b6a42e.jpg,door,stairs,stairs
Stairs/2700522007_db3632f929.jpg,indoors,stairs,stairs
Stairs/1168883330_eae6f983be.jpg,stairs,stairs,stairs
Stairs/298012739_a93017a858.jpg,stairs,stairs,stairs
Stairs/6252_a95c6757e0.jpg,indoors,stairs,stairs
Stairs/2638934052_3e921df879.jpg,stairs,stairs,stairs
Stairs/T1dBJfXow3WtJj4wI2_044224.jpg_b.jpg,stairs,stairs,stairs
Stairs/155350265_c1a99551a6.jpg,stairs,stairs,stairs
Stairs/2041411272_79ad1f730e.jpg,stairs,stairs,indoors
Stairs/77028069_899dc696e8.jpg,indoors,stairs,indoors
Stairs/2657714977_82aa3786cd.jpg,indoors,stairs,indoors
Stairs/T1PS4aXd8cLoyY6WIT_010652.jpg_b.jpg.2,stairs,stairs,stairs
Stairs/244090163_b1f30fe1c3.jpg,indoors,stairs,stairs
Stairs/105997112_ffaab67408.jpg,indoors,stairs,indoors
Stairs/25543616_5170b7ede1.jpg,stairs,stairs,stairs
Stairs/1394324346_74617c05c5.jpg,stairs,stairs,stairs
Stairs/314568536_8a5b026b19.jpg,stairs,stairs,indoors
Stairs/2240108707_139f63db1f.jpg,indoors,stairs,stairs
Stairs/109877264_50266fea4a.jpg,stairs,stairs,stairs
Stairs/2044510198_fd2e16f390.jpg,stairs,stairs,stairs
Stairs/144869927_3a84337ea6.jpg,stairs,stairs,stairs
Stairs/2688731661_c77bb892ae.jpg,stairs,stairs,stairs
Stairs/rods-stairs-al.jpg,stairs,stairs,stairs
Stairs/374041739_25352b3b7c.jpg,indoors,stairs,stairs
Stairs/349966757_159fbdc5da.jpg,indoors,stairs,stairs
Stairs/bespoke_staircase.jpg,stairs,stairs,stairs
Stairs/2087219774_c29888a968.jpg,stairs,stairs,stairs
Stairs/2632619939_8cc321089a.jpg,stairs,stairs,stairs
Stairs/1072865787_77cfe6464c.jpg,stairs,stairs,stairs
Stairs/500x403_115e99f6094.jpg,indoors,stairs,stairs
Stairs/424189350_44ede2869a.jpg,stairs,stairs,stairs
Stairs/2330426801_95bef6a362.jpg,stairs,indoors,indoors
Stairs/1374266989_57b11c3cbd.jpg,stairs,stairs,stairs
Stairs/2498979992_bbd84de7a4.jpg,stairs,indoors,indoors
Stairs/2613376362_9f5ff7ea39.jpg,stairs,stairs,stairs
Stairs/2215745437_efa78a4cb0.jpg,indoors,stairs,stairs
Stairs/329573458_afe24f43c7.jpg,stairs,indoors,stairs
Stairs/242377020_4f4b839abc.jpg,stairs,indoors,stairs
Stairs/513374845_619f819eb9.jpg,indoors,stairs,indoors
Stairs/2256136979_2f81883512.jpg,stairs,stairs,stairs
Stairs/p109857b.jpg,stairs,stairs,stairs
Stairs/641148022_a65c241409.jpg,indoors,stairs,stairs
Stairs/7238470_257f8cb0fa.jpg,indoors,stairs,stairs
Stairs/2347172678_a34846164b.jpg,indoors,stairs,stairs
Stairs/2757920618_3334bec323.jpg,stairs,stairs,stairs
Stairs/01~0007.jpg,stairs,stairs,stairs
Stairs/7.jpg,indoors,stairs,indoors
Stairs/2488133249_89a9febc79.jpg,stairs,stairs,stairs
Stairs/2274579281_b0dec1570e.jpg,stairs,indoors,indoors
Stairs/84725080_e3710a1cb0.jpg,indoors,indoors,indoors
Stairs/2983026045_0c34ccc9a5.jpg,stairs,stairs,stairs
Stairs/1492205181_20a128be51.jpg,indoors,stairs,stairs
Stairs/102429294_3991912100.jpg,stairs,stairs,stairs
Stairs/2646252503_0327c36513.jpg,indoors,stairs,stairs
Stairs/1680567987_428ad82c20.jpg,stairs,stairs,indoors
Stairs/stair_carpet.jpg,indoors,stairs,indoors
Stairs/351984584_2f25f74583.jpg,stairs,stairs,indoors
Stairs/2825881831_0f0c610306.jpg,indoors,stairs,stairs
Stairs/364137171_1c243c7a55.jpg,stairs,stairs,stairs
Stairs/2378050942_80bec98bd6.jpg,stairs,stairs,stairs
Stairs/2297226262_2f10607d2f.jpg,stairs,stairs,stairs
Stairs/2217431909_aaa6d20f9b.jpg,stairs,stairs,stairs
Stairs/69549589_20627afd53.jpg,indoors,stairs,stairs
Stairs/2921526204_843ef3a89d.jpg,stairs,stairs,stairs
Stairs/713750468_8f40b997b5.jpg,indoors,stairs,indoors
/home/davint-1/Desktop/images/Stairs/08030518042123.jpg,stairs,stairs,stairs
/home/davint-1/Desktop/images/Stairs/2326802762_6ded8d8e9e.jpg,stairs,stairs,indoors
/home/davint-1/Desktop/images/Stairs/25116837_4f5f4a5c26.jpg,stairs,stairs,stairs
/home/davint-1/Desktop/images/Stairs/2460745183_8dcb31a262.jpg,indoors,stairs,stairs
/home/davint-1/Desktop/images/Stairs/158207064_5e1936e877.jpg,stairs,stairs,stairs
/home/davint-1/Desktop/images/Stairs/2827774609_59be7f3ca4.jpg,indoors,indoors,stairs
/home/davint-1/Desktop/images/Stairs/2724104038_d206ff5c41.jpg,stairs,stairs,stairs
/home/davint-1/Desktop/images/Stairs/1726409215_5b1e7e16f1.jpg,indoors,stairs,stairs
/home/davint-1/Desktop/images/Stairs/6256140_1dc512a585.jpg,stairs,stairs,stairs
/home/davint-1/Desktop/images/Stairs/465132743_34b8fc4c9c.jpg,stairs,stairs,stairs
/home/davint-1/Desktop/images/Stairs/355250022_96b57b1702.jpg,stairs,stairs,indoors
/home/davint-1/Desktop/images/Stairs/1208105069_482be3523c.jpg,indoors,stairs,indoors
/home/davint-1/Desktop/images/Stairs/433470089_fff5942323.jpg,stairs,stairs,indoors
/home/davint-1/Desktop/images/Stairs/2897248992_fb38521abf.jpg,indoors,stairs,indoors
/home/davint-1/Desktop/images/Stairs/2985394154_e4ff765069.jpg,stairs,stairs,stairs
/home/davint-1/Desktop/images/Stairs/111799981_fc40150a92.jpg,stairs,stairs,stairs
/home/davint-1/Desktop/images/Stairs/2068721256_84deffc6de.jpg,stairs,stairs,stairs
/home/davint-1/Desktop/images/Stairs/310191249_c73851b7ce.jpg,stairs,stairs,stairs
/home/davint-1/Desktop/images/Stairs/2911737968_f3f398efc9.jpg,stairs,stairs,stairs
/home/davint-1/Desktop/images/Stairs/2269862278_0a8a0946a3.jpg,indoors,stairs,stairs
/home/davint-1/Desktop/images/Stairs/2450985447_f12f942d29.jpg,indoors,stairs,stairs
/home/davint-1/Desktop/images/Stairs/3002691489_81ec0f3316.jpg,indoors,stairs,stairs
/home/davint-1/Desktop/images/Stairs/118589504_4580a4e29e.jpg,stairs,indoors,indoors
/home/davint-1/Desktop/images/Stairs/1564868293_ddb8281b8d.jpg,stairs,stairs,stairs
/home/davint-1/Desktop/images/Stairs/95558688_a72b98d9c6.jpg,indoors,stairs,stairs
/home/davint-1/Desktop/images/Stairs/2738872137_c20690530c.jpg,stairs,stairs,stairs
/home/davint-1/Desktop/images/Stairs/3395089322_eaa5f7bcc4.jpg,stairs,stairs,indoors
/home/davint-1/Desktop/images/Stairs/10504256_0ac2359966.jpg,stairs,stairs,stairs
/home/davint-1/Desktop/images/Stairs/2322689548_7bacb16438.jpg,indoors,stairs,indoors
/home/davint-1/Desktop/images/Stairs/140979971_75efc4810d.jpg,stairs,stairs,stairs
/home/davint-1/Desktop/images/Stairs/35569528_4e5cd25be8.jpg,stairs,stairs,stairs
/home/davint-1/Desktop/images/Stairs/T19KtdXcCkqJK7P0fX_084546.jpg_b.jpg.2,indoors,stairs,stairs
/home/davint-1/Desktop/images/Stairs/img4l.jpg,stairs,stairs,stairs
/home/davint-1/Desktop/images/Stairs/31927568_54821bb810.jpg,stairs,stairs,indoors
/home/davint-1/Desktop/images/Stairs/91129069_a27fde11bb.jpg,stairs,stairs,stairs
/home/davint-1/Desktop/images/Stairs/2077083644_c6277b9361.jpg,stairs,stairs,indoors
/home/davint-1/Desktop/images/Stairs/274947062_c7863f9319.jpg,stairs,stairs,stairs
/home/davint-1/Desktop/images/Stairs/92577033_bff1578c42.jpg,indoors,stairs,indoors
/home/davint-1/Desktop/images/Stairs/503661983_b43dd24ebe.jpg,indoors,stairs,stairs
/home/davint-1/Desktop/images/Stairs/2311705966_33d87433e6.jpg,indoors,stairs,stairs
/home/davint-1/Desktop/images/Stairs/2156911333_26245dc34f.jpg,indoors,stairs,stairs
/home/davint-1/Desktop/images/Stairs/2597137311_029897b30a.jpg,stairs,stairs,stairs
/home/davint-1/Desktop/images/Stairs/T1ww0bXnNfN3xQ91w7_064331.jpg_310x310.jpg.2,stairs,stairs,stairs
/home/davint-1/Desktop/images/Stairs/394422131_b0edf412a9.jpg,stairs,stairs,stairs
/home/davint-1/Desktop/images/Stairs/968822178_1428f589e6.jpg,stairs,stairs,stairs
/home/davint-1/Desktop/images/Stairs/114645946_42b02bddd9.jpg,indoors,stairs,stairs
/home/davint-1/Desktop/images/Stairs/464936842_3dc47b950c.jpg,stairs,stairs,stairs
/home/davint-1/Desktop/images/Stairs/485232757_3f9f9a8603.jpg,indoors,stairs,stairs
/home/davint-1/Desktop/images/Stairs/311100853_c3a1d8a89b.jpg,stairs,stairs,stairs
/home/davint-1/Desktop/images/Stairs/177990532_9d6a5c976b.jpg,indoors,stairs,indoors
/home/davint-1/Desktop/images/Stairs/309767194_dabb64114b.jpg,indoors,indoors,indoors
/home/davint-1/Desktop/images/Stairs/345218351_9f4870cbb6.jpg,stairs,stairs,stairs
/home/davint-1/Desktop/images/Stairs/2362725227_9d02bcbb73.jpg,stairs,stairs,indoors
/home/davint-1/Desktop/images/Stairs/2440096008_624a203b2c.jpg,stairs,stairs,stairs
/home/davint-1/Desktop/images/Stairs/33722610_934fb038f1.jpg,indoors,stairs,stairs
/home/davint-1/Desktop/images/Stairs/216345003_c06886636b.jpg,stairs,stairs,stairs
/home/davint-1/Desktop/images/Stairs/T16L8dXi1IsJKUSV6c_095649.jpg_b.jpg,stairs,stairs,stairs
/home/davint-1/Desktop/images/Stairs/3297156675_03887f9120.jpg,stairs,stairs,stairs
/home/davint-1/Desktop/images/Stairs/325096768_3f5e5e2764.jpg,stairs,stairs,stairs
/home/davint-1/Desktop/images/Stairs/2183588443_dfa2d3d209.jpg,stairs,stairs,stairs
/home/davint-1/Desktop/images/Stairs/T1nWRdXdlwG3DeGDw8_071715.jpg_b.jpg,stairs,stairs,indoors
/home/davint-1/Desktop/images/Stairs/386891215_c3df05f7f0.jpg,indoors,stairs,indoors
/home/davint-1/Desktop/images/Stairs/2874603988_dbd60b018b.jpg,stairs,stairs,stairs
/home/davint-1/Desktop/images/Stairs/224706551_f12142c6d0.jpg,indoors,stairs,stairs
/home/davint-1/Desktop/images/Stairs/2111241658_da5abed8e5.jpg,stairs,stairs,indoors
/home/davint-1/Desktop/images/Stairs/2534409618_fb6b616cb8.jpg,stairs,stairs,stairs
/home/davint-1/Desktop/images/Stairs/2905741778_aba2081aef.jpg,indoors,stairs,stairs
/home/davint-1/Desktop/images/Stairs/650553126_bd4a240425.jpg,stairs,stairs,stairs
/home/davint-1/Desktop/images/Stairs/2990925785_e8a43becea.jpg,indoors,indoors,stairs
/home/davint-1/Desktop/images/Stairs/1665220826_659b28c94a.jpg,stairs,stairs,stairs
/home/davint-1/Desktop/images/Stairs/292436316_f89a99732f.jpg,indoors,stairs,indoors
/home/davint-1/Desktop/images/Stairs/17895689_32913838de.jpg,indoors,indoors,stairs
/home/davint-1/Desktop/images/Stairs/7603334_26959e2dec.jpg,indoors,stairs,indoors
/home/davint-1/Desktop/images/Stairs/804883373_33ff553472.jpg,stairs,stairs,stairs
/home/davint-1/Desktop/images/Stairs/2346630468_8894c0e984.jpg,indoors,stairs,indoors
/home/davint-1/Desktop/images/Stairs/2699936481_2c2a91ebf3.jpg,indoors,indoors,indoors
/home/davint-1/Desktop/images/Stairs/2484793046_694d97e504.jpg,indoors,stairs,indoors
/home/davint-1/Desktop/images/Stairs/2619243113_3322d80ef6.jpg,stairs,stairs,stairs
/home/davint-1/Desktop/images/Stairs/5093008228603178713.jpg,indoors,stairs,stairs
/home/davint-1/Desktop/images/Stairs/2436596924_a96f9b7e33.jpg,indoors,indoors,indoors
/home/davint-1/Desktop/images/Stairs/139966139_2b5e824f3f.jpg,stairs,stairs,indoors
/home/davint-1/Desktop/images/Stairs/449731461_030db7c02d.jpg,stairs,stairs,indoors
/home/davint-1/Desktop/images/Stairs/2317049482_ab7baeff2a.jpg,stairs,stairs,stairs
/home/davint-1/Desktop/images/Stairs/284759678_2fac2f13cf.jpg,indoors,stairs,stairs
/home/davint-1/Desktop/images/Stairs/311096509_fa1b7f3d0c.jpg,stairs,stairs,stairs
/home/davint-1/Desktop/images/Stairs/3057815151_b67778a891.jpg,indoors,stairs,stairs
/home/davint-1/Desktop/images/Stairs/2175320731_2c59dd7f6a.jpg,stairs,stairs,stairs
/home/davint-1/Desktop/images/Stairs/100960364_1ba2fb9806.jpg,stairs,indoors,stairs
/home/davint-1/Desktop/images/Stairs/730818916_8048bd27b4.jpg,stairs,stairs,stairs
/home/davint-1/Desktop/images/Stairs/859778747_6aa77d1aac.jpg,stairs,stairs,stairs
/home/davint-1/Desktop/images/Stairs/2804101572_b269f0ac18.jpg,stairs,stairs,stairs
/home/davint-1/Desktop/images/Stairs/2177339048_6229febf56.jpg,indoors,stairs,stairs
/home/davint-1/Desktop/images/Stairs/2211907617_5f70667a94.jpg,stairs,stairs,indoors
/home/davint-1/Desktop/images/Stairs/2689181918_4d80cd2f17.jpg,indoors,stairs,stairs
/home/davint-1/Desktop/images/Stairs/2749500658_0ed91b221a.jpg,stairs,stairs,indoors
/home/davint-1/Desktop/images/Stairs/1235688341_9cfc6101d7.jpg,indoors,stairs,stairs
/home/davint-1/Desktop/images/Stairs/2497289928_757f040dda.jpg,stairs,stairs,stairs
/home/davint-1/Desktop/images/Stairs/292366675_b5e666ae4f.jpg,indoors,stairs,indoors
/home/davint-1/Desktop/images/Stairs/2233596295_1aeccbb507.jpg,indoors,stairs,stairs
/home/davint-1/Desktop/images/Stairs/2371872992_57c9b598af.jpg,stairs,indoors,indoors
/home/davint-1/Desktop/images/Stairs/502093040_9d7b763a26.jpg,indoors,stairs,indoors
/home/davint-1/Desktop/images/Stairs/1296127578_fae95257b3.jpg,indoors,stairs,stairs
/home/davint-1/Desktop/images/Stairs/203014113_529a31af7e.jpg,stairs,stairs,indoors
/home/davint-1/Desktop/images/Stairs/212470262_f58f07eae4.jpg,stairs,stairs,stairs
/home/davint-1/Desktop/images/Stairs/167663039_dcd4fbb16a.jpg,stairs,stairs,indoors
/home/davint-1/Desktop/images/Stairs/946413474_c4e89cbddd.jpg,stairs,stairs,stairs
/home/davint-1/Desktop/images/Stairs/2900192506_a09ba89e3e.jpg,stairs,stairs,stairs
/home/davint-1/Desktop/images/Stairs/459968695_ff9b3cfcc3.jpg,stairs,stairs,stairs
/home/davint-1/Desktop/images/Stairs/524063935_d207dcebcd.jpg,stairs,stairs,stairs
/home/davint-1/Desktop/images/Stairs/400078620_7061501c70.jpg,stairs,stairs,stairs
/home/davint-1/Desktop/images/Stairs/143741933_c695c3be0b.jpg,indoors,stairs,stairs
/home/davint-1/Desktop/images/Stairs/Mackie.jpg,stairs,stairs,stairs
/home/davint-1/Desktop/images/Stairs/472564914_fb16e66a2b.jpg,stairs,stairs,stairs
/home/davint-1/Desktop/images/Stairs/78587144_38b220dd89.jpg,stairs,indoors,indoors
/home/davint-1/Desktop/images/Stairs/528973365_8da994d710.jpg,stairs,stairs,indoors
/home/davint-1/Desktop/images/Stairs/1413805555_5e13d51985.jpg,stairs,stairs,door
/home/davint-1/Desktop/images/Stairs/154044230_a051df4e60.jpg,indoors,stairs,stairs
/home/davint-1/Desktop/images/Stairs/IMG_6918+Stair+carpet+installed.jpg,stairs,stairs,stairs
/home/davint-1/Desktop/images/Stairs/2309992542_d863f62738.jpg,stairs,stairs,indoors
/home/davint-1/Desktop/images/Stairs/2791408310_cc52c3901b.jpg,stairs,stairs,stairs
/home/davint-1/Desktop/images/Stairs/newstairlg.jpg.2,stairs,stairs,indoors
/home/davint-1/Desktop/images/Stairs/sisal-panama-carpet-runner.jpg,stairs,stairs,stairs
/home/davint-1/Desktop/images/Stairs/T1e9ddXbcIFtL8rnI9_074656.jpg_sum.jpg,stairs,stairs,stairs
/home/davint-1/Desktop/images/Stairs/StairWay.jpg,stairs,indoors,indoors
/home/davint-1/Desktop/images/Stairs/2598882468_bf3f072a5f.jpg,indoors,stairs,stairs
/home/davint-1/Desktop/images/Stairs/2216896538_6ec0f15806.jpg,indoors,indoors,stairs
/home/davint-1/Desktop/images/Stairs/2356468048_03a83040d3.jpg,stairs,stairs,stairs
/home/davint-1/Desktop/images/Stairs/812168015_2fa28265d6.jpg,stairs,stairs,indoors
/home/davint-1/Desktop/images/Stairs/211084720_5b4b7e1208.jpg,stairs,stairs,stairs
/home/davint-1/Desktop/images/Stairs/610969240_6500b53149.jpg,stairs,indoors,indoors
/home/davint-1/Desktop/images/Stairs/1508892830_143a01d59d.jpg,indoors,stairs,indoors
/home/davint-1/Desktop/images/Stairs/2552014652_851c666d4e.jpg,indoors,stairs,indoors
/home/davint-1/Desktop/images/Stairs/2701742800_c161f17367.jpg,stairs,indoors,indoors
/home/davint-1/Desktop/images/Stairs/485628879_0572485498.jpg,stairs,stairs,stairs
/home/davint-1/Desktop/images/Stairs/1330344567_baabd029d6.jpg,stairs,stairs,indoors
/home/davint-1/Desktop/images/Stairs/3025532383_dd5ebdc9a5.jpg,stairs,stairs,indoors
/home/davint-1/Desktop/images/Stairs/2516129486_bcf7239afa.jpg,stairs,indoors,indoors
/home/davint-1/Desktop/images/Stairs/462528698_2abc677d26.jpg,stairs,stairs,indoors
/home/davint-1/Desktop/images/Stairs/2569045557_387e0c5c6d.jpg,stairs,stairs,stairs
/home/davint-1/Desktop/images/Stairs/2096977684_2989b797d8.jpg,stairs,stairs,stairs
/home/davint-1/Desktop/images/Stairs/2723461440_5206e50ae1.jpg,indoors,stairs,indoors
/home/davint-1/Desktop/images/Stairs/2976125500_5129dcae63.jpg,stairs,indoors,indoors
/home/davint-1/Desktop/images/Stairs/510763573_541b00e361.jpg,stairs,stairs,stairs
/home/davint-1/Desktop/images/Stairs/2377109998_a2e018079c.jpg,stairs,stairs,indoors
/home/davint-1/Desktop/images/Stairs/ivory-jute-stair-runner.jpg,stairs,stairs,stairs
/home/davint-1/Desktop/images/Stairs/1493156197_d0af9bc9d2.jpg,indoors,indoors,indoors
/home/davint-1/Desktop/images/Stairs/61769268_61af196886.jpg,stairs,stairs,stairs
/home/davint-1/Desktop/images/Stairs/2575081120_a423d13082.jpg,stairs,stairs,indoors
/home/davint-1/Desktop/images/Stairs/2297277929_dc865727af.jpg,stairs,stairs,stairs
/home/davint-1/Desktop/images/Stairs/T1fSXdXfOBFtKPxHUT_011114.jpg_b.jpg.2,stairs,stairs,stairs
/home/davint-1/Desktop/images/Stairs/2496114823_73b2a57fac.jpg,stairs,stairs,indoors
/home/davint-1/Desktop/images/Stairs/2586978301_5512f27979.jpg,stairs,stairs,stairs
/home/davint-1/Desktop/images/Stairs/6024093_0c95dda22a.jpg,stairs,stairs,stairs
/home/davint-1/Desktop/images/Stairs/49910145_6ec37d4e78.jpg,indoors,stairs,stairs
/home/davint-1/Desktop/images/Stairs/107929217_a372546059.jpg,stairs,indoors,stairs
/home/davint-1/Desktop/images/Stairs/87604354_6496ecb68b.jpg,indoors,stairs,stairs
/home/davint-1/Desktop/images/Stairs/T1CLRdXl3LsdKMvF2X_113835.jpg_310x310.jpg,stairs,stairs,stairs
/home/davint-1/Desktop/images/Stairs/2270398004_99cf60eb81.jpg,indoors,stairs,indoors
/home/davint-1/Desktop/images/Stairs/3793525810_79e91c07ff.jpg,stairs,stairs,stairs
/home/davint-1/Desktop/images/Stairs/577017770_ac40c75b3d.jpg,stairs,stairs,stairs
/home/davint-1/Desktop/images/Stairs/3626618754_b0dcae21b0.jpg,stairs,stairs,indoors
/home/davint-1/Desktop/images/Stairs/97930829_4dd47e3380.jpg,stairs,stairs,indoors
/home/davint-1/Desktop/images/Stairs/2075325181_0fb3256f9c.jpg,stairs,stairs,indoors
/home/davint-1/Desktop/images/Stairs/1519495825.jpg.1,stairs,indoors,indoors
/home/davint-1/Desktop/images/Stairs/476775088_85852f8efe.jpg,stairs,stairs,stairs
/home/davint-1/Desktop/images/Stairs/442805898_07bd34ceb8.jpg,stairs,stairs,indoors
/home/davint-1/Desktop/images/Stairs/2577864852_f83fc67780.jpg,stairs,stairs,stairs
/home/davint-1/Desktop/images/Stairs/2747765203_07b56be538.jpg,stairs,stairs,stairs
/home/davint-1/Desktop/images/Stairs/gato-escaleras.jpg.2,indoors,indoors,indoors
/home/davint-1/Desktop/images/Stairs/313882146_ee5cb32485.jpg,indoors,indoors,indoors
/home/davint-1/Desktop/images/Stairs/2764915015_8ddc28ea23.jpg,indoors,indoors,indoors
/home/davint-1/Desktop/images/Stairs/2404554638_941494047b.jpg,stairs,stairs,stairs
/home/davint-1/Desktop/images/Stairs/2659728407_cfe2c333fb.jpg,stairs,stairs,stairs
/home/davint-1/Desktop/images/Stairs/11_1193625279597.jpg,indoors,stairs,stairs
/home/davint-1/Desktop/images/Stairs/1410114857_d9715f0302.jpg,indoors,stairs,indoors
/home/davint-1/Desktop/images/Stairs/2132823987_cf3f3d6600.jpg,stairs,indoors,indoors
/home/davint-1/Desktop/images/Stairs/147896984_b6bee72a91.jpg,indoors,stairs,stairs
/home/davint-1/Desktop/images/Stairs/1812296509_8131cef3ce.jpg,stairs,stairs,stairs
/home/davint-1/Desktop/images/Stairs/1134953822_618e781178.jpg,stairs,stairs,stairs
/home/davint-1/Desktop/images/Stairs/4146477_0c804e5071.jpg,stairs,stairs,stairs
/home/davint-1/Desktop/images/Stairs/3045781421_0707d2903e.jpg,stairs,stairs,indoors
/home/davint-1/Desktop/images/Stairs/150350163_bdbdd72a27.jpg,door,indoors,stairs
/home/davint-1/Desktop/images/Stairs/27716596_17de754b7b.jpg,stairs,stairs,indoors
/home/davint-1/Desktop/images/Stairs/2573884939_d5933fff51.jpg,indoors,indoors,indoors
/home/davint-1/Desktop/images/Stairs/204016233_0a14f7b7c2.jpg,indoors,stairs,indoors
/home/davint-1/Desktop/images/Stairs/2610161544_4952d5cc61.jpg,indoors,stairs,indoors
/home/davint-1/Desktop/images/Stairs/T1DapaXilbLkyb_4fa_121312.jpg_310x310.jpg,stairs,stairs,stairs
/home/davint-1/Desktop/images/Stairs/112345798_2af7b15d23.jpg,stairs,stairs,stairs
/home/davint-1/Desktop/images/Stairs/Stair-Carpet-Acanthe-Sol.jpg.2,stairs,stairs,stairs
/home/davint-1/Desktop/images/Stairs/337965223_e74b794d2e.jpg,stairs,stairs,indoors
/home/davint-1/Desktop/images/Stairs/2961491415_1ac53994c9.jpg,indoors,stairs,indoors
/home/davint-1/Desktop/images/Stairs/2700929339_80affeab81.jpg,stairs,stairs,indoors
/home/davint-1/Desktop/images/Stairs/3037774905_75e5121ff9.jpg,stairs,stairs,stairs
/home/davint-1/Desktop/images/Stairs/2147868059_5960182ccd.jpg,indoors,indoors,stairs
/home/davint-1/Desktop/images/Stairs/2496659788_a5aedffd30.jpg,stairs,stairs,indoors
/home/davint-1/Desktop/images/Stairs/1381505439_6446b44fe7.jpg,indoors,stairs,stairs
/home/davint-1/Desktop/images/Stairs/2424982974_c8c84cae00.jpg,stairs,stairs,indoors
/home/davint-1/Desktop/images/Stairs/2512859766_20652e9ab0.jpg,door,stairs,stairs
/home/davint-1/Desktop/images/Stairs/1367504007_094df20386.jpg,indoors,stairs,stairs
/home/davint-1/Desktop/images/Stairs/2429305514_90f8a00192.jpg,stairs,stairs,stairs
/home/davint-1/Desktop/images/Stairs/255949615_0dbde8261a.jpg,stairs,stairs,indoors
/home/davint-1/Desktop/images/Stairs/1035045661_4a0fb56f51.jpg,indoors,stairs,indoors
/home/davint-1/Desktop/images/Stairs/2461594825_8832c5a53e.jpg,indoors,stairs,indoors
/home/davint-1/Desktop/images/Stairs/2708919560_836586091f.jpg,stairs,stairs,indoors
/home/davint-1/Desktop/images/Stairs/1375869130_97670b30e0.jpg,stairs,stairs,stairs
/home/davint-1/Desktop/images/Stairs/21638586_fb81072085.jpg,stairs,stairs,stairs
/home/davint-1/Desktop/images/Stairs/T1C48aXaFl9gxwOsU1_040506.jpg_310x310.jpg,stairs,stairs,stairs
/home/davint-1/Desktop/images/Stairs/269706344_d45a300644.jpg,stairs,stairs,stairs
/home/davint-1/Desktop/images/Stairs/2960749596_e5cc58ba53.jpg,indoors,stairs,indoors
/home/davint-1/Desktop/images/Stairs/cleaning-stairs-carpet.jpg,stairs,stairs,stairs
/home/davint-1/Desktop/images/Stairs/2860069065_afc492729f.jpg,indoors,stairs,stairs
/home/davint-1/Desktop/images/Stairs/2267322682_b7a8bb1db7.jpg,stairs,stairs,indoors
/home/davint-1/Desktop/images/Stairs/3142529532_7bded629c9.jpg,stairs,stairs,stairs
/home/davint-1/Desktop/images/Stairs/448615291_d731bc1a6f.jpg,stairs,stairs,stairs
/home/davint-1/Desktop/images/Stairs/253126663_35a8df5141.jpg,indoors,stairs,stairs
/home/davint-1/Desktop/images/Stairs/274546520_59a4b8f782.jpg,stairs,stairs,indoors
/home/davint-1/Desktop/images/Stairs/21497034_804a7b2483.jpg,stairs,stairs,stairs
/home/davint-1/Desktop/images/Stairs/2757406163_eea654b515.jpg,stairs,stairs,indoors
/home/davint-1/Desktop/images/Stairs/92210846_288d5e2070.jpg,stairs,stairs,stairs
/home/davint-1/Desktop/images/Stairs/2184906460_e4c263f318.jpg,stairs,stairs,indoors
/home/davint-1/Desktop/images/Stairs/SANY0142-escaleras+2.JPG.2,stairs,stairs,indoors
/home/davint-1/Desktop/images/Stairs/2295032798_6857f4ded4.jpg,stairs,stairs,stairs
/home/davint-1/Desktop/images/Stairs/2295032798_6857f4ded4.jpg,indoors,stairs,stairs
/home/davint-1/Desktop/images/Stairs/2334720512_1da6840f83.jpg,stairs,stairs,stairs
/home/davint-1/Desktop/images/Stairs/2575562772_1afa76b50c.jpg,stairs,stairs,indoors
/home/davint-1/Desktop/images/Stairs/2301588383_7191edc4d2.jpg,stairs,stairs,indoors
/home/davint-1/Desktop/images/Stairs/2052668072_73e6e75d99.jpg,stairs,indoors,indoors
/home/davint-1/Desktop/images/Stairs/3076846447_d92dc2069a.jpg,indoors,stairs,stairs
/home/davint-1/Desktop/images/Stairs/2517087932_15bc1b2201.jpg,indoors,stairs,stairs
/home/davint-1/Desktop/images/Stairs/2584358424_cc3f8a08bb.jpg,stairs,stairs,stairs
/home/davint-1/Desktop/images/Stairs/92021342_3a250bb7c9.jpg,stairs,stairs,indoors
/home/davint-1/Desktop/images/Stairs/2353114205_485988f9d5.jpg,stairs,stairs,indoors
/home/davint-1/Desktop/images/Stairs/120460824_022a1c2160.jpg,stairs,stairs,stairs
/home/davint-1/Desktop/images/Stairs/1351658187_1c61ed7987.jpg,stairs,stairs,stairs
/home/davint-1/Desktop/images/Stairs/131168591_b9bcf6f14b.jpg,stairs,stairs,stairs
/home/davint-1/Desktop/images/Stairs/109020001_eb9e21c3aa.jpg,indoors,indoors,indoors
/home/davint-1/Desktop/images/Stairs/198626718_f6e499a25b.jpg,indoors,stairs,stairs
/home/davint-1/Desktop/images/Stairs/1306640100_328b1ec24e.jpg,stairs,stairs,stairs
/home/davint-1/Desktop/images/Stairs/1441379527_059bb5fcfdb5e8e7b8a8ad5f51368796_1.JPG,indoors,stairs,stairs
/home/davint-1/Desktop/images/Stairs/1444936971_cd0fc6ae91.jpg,stairs,stairs,indoors
/home/davint-1/Desktop/images/Stairs/1645183338_9f752dafa5.jpg,stairs,stairs,indoors
/home/davint-1/Desktop/images/Stairs/445454253_3ab590f26f.jpg,indoors,stairs,indoors
/home/davint-1/Desktop/images/Stairs/T1AQdaXh8bToATaZ38_100056.jpg_b.jpg,stairs,stairs,indoors
/home/davint-1/Desktop/images/Stairs/423443776_efa969d8bf.jpg,indoors,stairs,indoors
/home/davint-1/Desktop/images/Stairs/1999127168_231f71bd05.jpg,indoors,indoors,stairs
/home/davint-1/Desktop/images/Stairs/2406091247_fc7864dbe5.jpg,stairs,stairs,stairs
/home/davint-1/Desktop/images/Stairs/330706448,stairs,stairs,indoors
/home/davint-1/Desktop/images/Stairs/4214503_005f27db5d.jpg,indoors,stairs,stairs
/home/davint-1/Desktop/images/Stairs/2470327285_8e6aa535d5.jpg,stairs,stairs,stairs
/home/davint-1/Desktop/images/Stairs/67987125_3e414bbb10.jpg,indoors,stairs,stairs
/home/davint-1/Desktop/images/Stairs/1477786175_14c42b3534.jpg,stairs,indoors,indoors
/home/davint-1/Desktop/images/Stairs/225301211_a9527d669e.jpg,indoors,stairs,stairs
/home/davint-1/Desktop/images/Stairs/2493600079_311a6f8a13.jpg,stairs,stairs,indoors
/home/davint-1/Desktop/images/Stairs/T1A30bXfFeN3x0yJM7_064231.jpg_b.jpg,stairs,stairs,stairs
/home/davint-1/Desktop/images/Stairs/304791440_6099fa63e1.jpg,stairs,indoors,indoors
/home/davint-1/Desktop/images/Stairs/12126410_e366e16290.jpg,stairs,stairs,indoors
/home/davint-1/Desktop/images/Stairs/2942824714_2d65ae6470.jpg,stairs,indoors,door
/home/davint-1/Desktop/images/Stairs/146282667_981008df9e.jpg,stairs,stairs,stairs
/home/davint-1/Desktop/images/Stairs/2833834178_4194741f6b.jpg,stairs,stairs,indoors
/home/davint-1/Desktop/images/Stairs/2207305161_2907b37e36.jpg,stairs,stairs,stairs
/home/davint-1/Desktop/images/Stairs/2180226992_1600f808da.jpg,indoors,stairs,stairs
/home/davint-1/Desktop/images/Stairs/330452290_487157d455.jpg,indoors,indoors,stairs
/home/davint-1/Desktop/images/Stairs/2319751537_c45383b689.jpg,stairs,stairs,stairs
/home/davint-1/Desktop/images/Stairs/2751098758_bfd2dba7d9.jpg,stairs,stairs,stairs
/home/davint-1/Desktop/images/Stairs/1352293199_4bb1284a72.jpg,stairs,stairs,stairs
/home/davint-1/Desktop/images/Stairs/2895703551_ac9197f7b3.jpg,stairs,stairs,stairs
/home/davint-1/Desktop/images/Stairs/T1knxcXglyD3CX1nU1_042510.jpg_b.jpg,stairs,stairs,stairs
/home/davint-1/Desktop/images/Stairs/T1lgVdXeritJLs63.0_035412.jpg_b.jpg,stairs,stairs,stairs
/home/davint-1/Desktop/images/Stairs/2301484160_58b129a4c3.jpg,stairs,stairs,stairs
/home/davint-1/Desktop/images/Stairs/330793035_779e7c6170.jpg,stairs,indoors,indoors
/home/davint-1/Desktop/images/Stairs/2056763274_578ae0ffd6.jpg,stairs,indoors,indoors
/home/davint-1/Desktop/images/Stairs/2418037685_3ab745bfd9.jpg,stairs,stairs,indoors
/home/davint-1/Desktop/images/Stairs/1179976064_42fa2bd470.jpg,indoors,stairs,stairs
/home/davint-1/Desktop/images/Stairs/2791417968_e60b37a46f.jpg,indoors,stairs,stairs
/home/davint-1/Desktop/images/Stairs/2183636696_2c45968463.jpg,stairs,indoors,indoors
/home/davint-1/Desktop/images/Stairs/65924529_e593a3827d.jpg,indoors,indoors,stairs
/home/davint-1/Desktop/images/Stairs/15722251_a33661c360.jpg,indoors,stairs,indoors
/home/davint-1/Desktop/images/Stairs/1052724654_e3cdfe534e.jpg,stairs,stairs,indoors
/home/davint-1/Desktop/images/Stairs/486526898_8c9f68259f.jpg,indoors,stairs,stairs
/home/davint-1/Desktop/images/Stairs/255949487_2a4c63692b.jpg,stairs,stairs,indoors
/home/davint-1/Desktop/images/Stairs/211169626_bdc9600376.jpg,indoors,indoors,stairs
/home/davint-1/Desktop/images/Stairs/299039525_755a3b4212.jpg,stairs,stairs,stairs
/home/davint-1/Desktop/images/Stairs/2137785252_610658a1b5.jpg,indoors,stairs,indoors
/home/davint-1/Desktop/images/Stairs/54308395_c01720e031.jpg,indoors,stairs,indoors
/home/davint-1/Desktop/images/Stairs/774200235_aba963b709.jpg,stairs,stairs,stairs
/home/davint-1/Desktop/images/Stairs/509337815_877ff862e4.jpg,stairs,stairs,stairs
/home/davint-1/Desktop/images/Stairs/213471287_98a9037fa0.jpg,stairs,stairs,stairs
/home/davint-1/Desktop/images/Stairs/2096678920_1d3dd80245.jpg,indoors,stairs,stairs
/home/davint-1/Desktop/images/Stairs/201647492_f86e6d2764.jpg,indoors,stairs,stairs
/home/davint-1/Desktop/images/Stairs/376297301_b6825bc901.jpg,indoors,stairs,stairs
/home/davint-1/Desktop/images/Stairs/3029720639_ee1f2c3190.jpg,indoors,stairs,stairs
/home/davint-1/Desktop/images/Stairs/2764403785_ffc0e0c704.jpg,stairs,stairs,indoors
/home/davint-1/Desktop/images/Stairs/348940062_0402560343.jpg,stairs,stairs,stairs
/home/davint-1/Desktop/images/Stairs/stairlighting.jpg,stairs,stairs,stairs
/home/davint-1/Desktop/images/Stairs/2390639883_eaf57af318.jpg,stairs,stairs,stairs
/home/davint-1/Desktop/images/Stairs/2425170025_d6acdb1d72.jpg,indoors,stairs,stairs
/home/davint-1/Desktop/images/Stairs/698875341_3c63020957.jpg,indoors,indoors,stairs
/home/davint-1/Desktop/images/Stairs/2259163779_6155379800.jpg,indoors,stairs,indoors
/home/davint-1/Desktop/images/Stairs/1670548485_4ba60ba09d.jpg,stairs,stairs,stairs
/home/davint-1/Desktop/images/Stairs/2091205954_6788533110.jpg,stairs,stairs,stairs
/home/davint-1/Desktop/images/Stairs/858589187_0d8c5c9adf.jpg,stairs,stairs,indoors
/home/davint-1/Desktop/images/Stairs/55449653_4eaf062295.jpg,stairs,stairs,stairs
/home/davint-1/Desktop/images/Stairs/temp_07122116463579.jpg,stairs,stairs,stairs
/home/davint-1/Desktop/images/Stairs/1792032023_8d6aaca58a.jpg,stairs,stairs,stairs
/home/davint-1/Desktop/images/Stairs/46031570_0215db916c.jpg,stairs,stairs,stairs
/home/davint-1/Desktop/images/Stairs/2295519320_5e2ab72868.jpg,stairs,stairs,stairs
/home/davint-1/Desktop/images/Stairs/53589993_2d64d1b445.jpg,indoors,stairs,indoors
/home/davint-1/Desktop/images/Stairs/2980304387_ffc28e169c.jpg,stairs,stairs,stairs
/home/davint-1/Desktop/images/Stairs/2238419426_2bbf9626b9.jpg,stairs,stairs,indoors
/home/davint-1/Desktop/images/Stairs/325442486_45d111fef4.jpg,stairs,stairs,stairs
/home/davint-1/Desktop/images/Stairs/168784745_f257a3b848.jpg,indoors,stairs,indoors
/home/davint-1/Desktop/images/Stairs/2268127198_c73d9a3049.jpg,indoors,stairs,stairs
/home/davint-1/Desktop/images/Stairs/2268127198_c73d9a3049.jpg,indoors,stairs,stairs
/home/davint-1/Desktop/images/Stairs/53108239_2ad840e9f2.jpg,stairs,stairs,indoors
/home/davint-1/Desktop/images/Stairs/2095654580_d10371159e.jpg,stairs,stairs,indoors
/home/davint-1/Desktop/images/Stairs/536857322_891a0e8250.jpg,stairs,stairs,stairs
/home/davint-1/Desktop/images/Stairs/3067097793_7265b7eaaa.jpg,indoors,indoors,stairs
/home/davint-1/Desktop/images/Stairs/escalera.jpg,stairs,indoors,indoors
/home/davint-1/Desktop/images/Stairs/98999724_6c334cff66.jpg,stairs,stairs,indoors
/home/davint-1/Desktop/images/Stairs/2920607104_a89d23a5a9.jpg,stairs,stairs,indoors
/home/davint-1/Desktop/images/Stairs/63670477_bf863d9eaa.jpg,stairs,stairs,stairs
/home/davint-1/Desktop/images/Stairs/2551034808_f1a281d0ce.jpg,stairs,stairs,indoors
/home/davint-1/Desktop/images/Stairs/2726809925_e130deb446.jpg,indoors,stairs,indoors
/home/davint-1/Desktop/images/Stairs/2775152853_e1a7b3f63d.jpg,indoors,stairs,indoors
/home/davint-1/Desktop/images/Stairs/2563269868_09fc0d7837.jpg,indoors,stairs,stairs
/home/davint-1/Desktop/images/Stairs/454080659_5762a3f458.jpg,indoors,stairs,stairs
/home/davint-1/Desktop/images/Stairs/2072826455_0daeda2668.jpg,indoors,stairs,stairs
/home/davint-1/Desktop/images/Stairs/DecoratedStairs.jpg,indoors,stairs,stairs
/home/davint-1/Desktop/images/Stairs/2479350381_efac025d91.jpg,indoors,indoors,indoors
/home/davint-1/Desktop/images/Stairs/1594950836_3b8d30dd05.jpg,stairs,stairs,stairs
/home/davint-1/Desktop/images/Stairs/2544010526_b8deeb59e4.jpg,stairs,indoors,indoors
/home/davint-1/Desktop/images/Stairs/2641412325_3e54984338.jpg,indoors,indoors,stairs
/home/davint-1/Desktop/images/Stairs/409000998_881d0485db.jpg,indoors,indoors,indoors
/home/davint-1/Desktop/images/Stairs/2864346911_b9ff750d13.jpg,indoors,stairs,stairs
/home/davint-1/Desktop/images/Stairs/180179500_974e3916ce.jpg,stairs,stairs,indoors
/home/davint-1/Desktop/images/Stairs/T1UDdbXj8pdUCLZBw._113256.jpg_310x310.jpg.2,stairs,stairs,stairs
/home/davint-1/Desktop/images/Stairs/157208241_25758d29d6.jpg,indoors,stairs,stairs
/home/davint-1/Desktop/images/Stairs/265882480_bea5cc4703.jpg,stairs,stairs,indoors
/home/davint-1/Desktop/images/Stairs/1766248441_925b778f31.jpg,stairs,stairs,stairs
/home/davint-1/Desktop/images/Stairs/2653164764_85fe4ccc5c.jpg,stairs,stairs,indoors
/home/davint-1/Desktop/images/Stairs/alfombra-escalera.jpg,stairs,stairs,door
/home/davint-1/Desktop/images/Stairs/135318610_d88964bf52.jpg,stairs,stairs,stairs
/home/davint-1/Desktop/images/Stairs/2811375590_19e95bd07f.jpg,stairs,stairs,stairs
/home/davint-1/Desktop/images/Stairs/2473174084_00e846c707.jpg,stairs,stairs,indoors
/home/davint-1/Desktop/images/Stairs/497003371_6976419bce.jpg,stairs,stairs,stairs
/home/davint-1/Desktop/images/Stairs/2404356171_0a64ba6330.jpg,indoors,door,stairs
/home/davint-1/Desktop/images/Stairs/2391844457_2dcd15c0e4.jpg,stairs,stairs,stairs
/home/davint-1/Desktop/images/Stairs/aar-staircarpet.jpg,indoors,stairs,stairs
/home/davint-1/Desktop/images/Stairs/T1Vg4dXkXON3ElhnQU_015853.jpg_b.jpg,stairs,stairs,stairs
/home/davint-1/Desktop/images/Stairs/2411114903_5da0fb1c04.jpg,stairs,stairs,stairs
/home/davint-1/Desktop/images/Stairs/3876276814_ecfa5625f2.jpg,indoors,stairs,stairs
/home/davint-1/Desktop/images/Stairs/14583592_e5204351a6.jpg,indoors,stairs,stairs
/home/davint-1/Desktop/images/Stairs/2113560571_efe4178c14.jpg,stairs,stairs,indoors
/home/davint-1/Desktop/images/Stairs/3048539373_278dc72ee0.jpg,stairs,indoors,indoors
/home/davint-1/Desktop/images/Stairs/T1EQdXXbdl9kAr9bE0_034412.jpg_310x310.jpg.2,stairs,stairs,stairs
/home/davint-1/Desktop/images/Stairs/186693505_6b70e1cf4b.jpg,door,stairs,indoors
/home/davint-1/Desktop/images/Stairs/396205038_4136759b26.jpg,stairs,stairs,indoors
/home/davint-1/Desktop/images/Stairs/IMG_6917+Stair+carpet+installed.jpg,stairs,stairs,stairs
/home/davint-1/Desktop/images/Stairs/1024714031_181c10ad32.jpg,stairs,stairs,indoors
/home/davint-1/Desktop/images/Stairs/2269467694_bca9b44f52.jpg,stairs,stairs,stairs
/home/davint-1/Desktop/images/Stairs/A973349-20070719155817.jpg.2,indoors,indoors,indoors
/home/davint-1/Desktop/images/Stairs/3045199710_129d412680.jpg,indoors,stairs,indoors
/home/davint-1/Desktop/images/Stairs/T136JbXm4b1ZyToMg1_041225.jpg_b.jpg,stairs,indoors,indoors
/home/davint-1/Desktop/images/Stairs/2441272818_6a5ed3270d.jpg,stairs,stairs,stairs
/home/davint-1/Desktop/images/Stairs/51784589_c736aa29d6.jpg,indoors,stairs,indoors
/home/davint-1/Desktop/images/Stairs/30253666_5c0cfb3f46.jpg,stairs,stairs,indoors
/home/davint-1/Desktop/images/Stairs/T17X8dXXqeltLSIb2b_123256.jpg_b.jpg,indoors,stairs,stairs
/home/davint-1/Desktop/images/Stairs/1877772473_e028e08428.jpg,stairs,stairs,stairs
/home/davint-1/Desktop/images/Stairs/166875491_01fb33eed8.jpg,stairs,stairs,indoors
/home/davint-1/Desktop/images/Stairs/car040407_img01.jpg,stairs,stairs,stairs
/home/davint-1/Desktop/images/Stairs/83610057_88302f74ab.jpg,indoors,stairs,stairs
/home/davint-1/Desktop/images/Stairs/343598473_3300e8848a.jpg,indoors,stairs,indoors
/home/davint-1/Desktop/images/Stairs/898901794_22303f8736.jpg,stairs,stairs,stairs
/home/davint-1/Desktop/images/Stairs/20072493_b18226241c.jpg,indoors,stairs,stairs
/home/davint-1/Desktop/images/Stairs/2545233718_80ff65f0ee.jpg,stairs,stairs,stairs
/home/davint-1/Desktop/images/Stairs/424782119_bf8b55cb2e.jpg,stairs,stairs,stairs
/home/davint-1/Desktop/images/Stairs/1523302976_9cc5c2a76e.jpg,stairs,indoors,stairs
/home/davint-1/Desktop/images/Stairs/2890792242_16b1026d9f.jpg,stairs,stairs,stairs
/home/davint-1/Desktop/images/Stairs/415700900_3e03640418.jpg,indoors,stairs,indoors
/home/davint-1/Desktop/images/Stairs/731202842_496013326d.jpg,stairs,stairs,indoors
/home/davint-1/Desktop/images/Stairs/3698585175_ab22b352c6.jpg,indoors,stairs,stairs
/home/davint-1/Desktop/images/Stairs/2179908575_596c2edaa5.jpg,stairs,stairs,stairs
/home/davint-1/Desktop/images/Stairs/150658568_1664f8f241.jpg,indoors,stairs,stairs
/home/davint-1/Desktop/images/Stairs/2202471714_69105c6efe.jpg,stairs,indoors,indoors
/home/davint-1/Desktop/images/Stairs/271032075_53ce2fbe39.jpg,indoors,stairs,indoors
/home/davint-1/Desktop/images/Stairs/2163644066_013e87461d.jpg,stairs,stairs,stairs
/home/davint-1/Desktop/images/Stairs/2993924966_789f175794.jpg,stairs,stairs,indoors
/home/davint-1/Desktop/images/Stairs/527521008_a8898ceacf.jpg,stairs,stairs,stairs
/home/davint-1/Desktop/images/Stairs/2398825247_4d5bb94a21.jpg,indoors,stairs,stairs
/home/davint-1/Desktop/images/Stairs/Gerrards Cross web.jpg,stairs,stairs,stairs
/home/davint-1/Desktop/images/Stairs/251448828706.jpg.2,stairs,stairs,stairs
/home/davint-1/Desktop/images/Stairs/3728739297_25bca5950d.jpg,stairs,stairs,stairs
/home/davint-1/Desktop/images/Stairs/2462149531_f620d3a7c2.jpg,stairs,stairs,stairs
/home/davint-1/Desktop/images/Stairs/2497890680_1e849545fa.jpg,stairs,stairs,stairs
/home/davint-1/Desktop/images/Stairs/115404999_6eda91a72d.jpg,stairs,stairs,stairs
/home/davint-1/Desktop/images/Stairs/2677873638_eee6343597.jpg,stairs,stairs,stairs
/home/davint-1/Desktop/images/Stairs/99720914_23f26114cb.jpg,stairs,stairs,stairs
/home/davint-1/Desktop/images/Stairs/custom-carved-stair-carpet~s600x600.jpg,stairs,stairs,door
/home/davint-1/Desktop/images/Stairs/2843064171_bfd527e76a.jpg,stairs,stairs,indoors
/home/davint-1/Desktop/images/Stairs/2750253556_9e98c86f19.jpg.2,stairs,stairs,stairs
/home/davint-1/Desktop/images/Stairs/stairrunner_thumb.jpg,indoors,stairs,indoors
/home/davint-1/Desktop/images/Stairs/413598260_279d088528.jpg,indoors,stairs,stairs
/home/davint-1/Desktop/images/Stairs/2063408479_fe8cbe8739.jpg,stairs,stairs,stairs
/home/davint-1/Desktop/images/Stairs/060424172038592842.jpg,stairs,stairs,indoors
/home/davint-1/Desktop/images/Stairs/7587.jpg.1,indoors,stairs,indoors
/home/davint-1/Desktop/images/Stairs/52522827_0976026327.jpg,stairs,stairs,stairs
/home/davint-1/Desktop/images/Stairs/1444220233_cee7948075.jpg,indoors,stairs,indoors
/home/davint-1/Desktop/images/Stairs/89555758_04b436fa4b.jpg,indoors,stairs,indoors
/home/davint-1/Desktop/images/Stairs/66452261_ec4a75055f.jpg,indoors,stairs,stairs
/home/davint-1/Desktop/images/Stairs/2242535316_cb01265134.jpg,stairs,stairs,stairs
/home/davint-1/Desktop/images/Stairs/DSC02343.JPG,stairs,stairs,indoors
/home/davint-1/Desktop/images/Stairs/269733567_c7e19180dd.jpg,stairs,stairs,indoors
/home/davint-1/Desktop/images/Stairs/2920631823_30e5cc66c2.jpg,indoors,stairs,indoors
/home/davint-1/Desktop/images/Stairs/127138163_ee92e3de9f.jpg,stairs,stairs,stairs
/home/davint-1/Desktop/images/Stairs/555742934_088b8cf9f5.jpg,indoors,stairs,stairs
/home/davint-1/Desktop/images/Stairs/1177590673_bbb7ce323f.jpg,indoors,stairs,indoors
/home/davint-1/Desktop/images/Stairs/2279841781_4823e3708c.jpg,stairs,stairs,stairs
/home/davint-1/Desktop/images/Stairs/2652955450_236e88a97a.jpg,indoors,stairs,stairs
/home/davint-1/Desktop/images/Stairs/Staircarpet-SurefitDoncaster2.jpg,indoors,stairs,indoors
/home/davint-1/Desktop/images/Stairs/2733908053_80a8d3a6f4.jpg,indoors,stairs,indoors
/home/davint-1/Desktop/images/Stairs/2219054017_34c06a7e42.jpg,stairs,stairs,stairs
/home/davint-1/Desktop/images/Stairs/3082122082_7c3f1ee393.jpg,stairs,stairs,stairs
/home/davint-1/Desktop/images/Stairs/3165321932_f68588e2fa.jpg,door,stairs,indoors
/home/davint-1/Desktop/images/Stairs/2177305284_b4e715ae87.jpg,stairs,indoors,indoors
/home/davint-1/Desktop/images/Stairs/52211989_210097258c.jpg,stairs,stairs,indoors
/home/davint-1/Desktop/images/Stairs/404313080_8148934ee5.jpg,indoors,stairs,stairs
/home/davint-1/Desktop/images/Stairs/457054316_94e676818b.jpg,stairs,stairs,stairs
/home/davint-1/Desktop/images/Stairs/295750245_0bc916d1d7.jpg,stairs,stairs,stairs
/home/davint-1/Desktop/images/Stairs/3049685746_9254e50eba.jpg,indoors,stairs,stairs
/home/davint-1/Desktop/images/Stairs/143692513_e6445acd71.jpg,indoors,stairs,stairs
/home/davint-1/Desktop/images/Stairs/2408840088_8c6c261c87.jpg,stairs,stairs,indoors
/home/davint-1/Desktop/images/Stairs/1392542822_1769a2d751.jpg,stairs,stairs,stairs
/home/davint-1/Desktop/images/Stairs/812026878_9505fc5c1d.jpg,stairs,stairs,stairs
/home/davint-1/Desktop/images/Stairs/3059196589_897cb30746.jpg,stairs,stairs,indoors
/home/davint-1/Desktop/images/Stairs/3043017916_66be48aec1.jpg,indoors,stairs,indoors
/home/davint-1/Desktop/images/Stairs/146427102_c7dd7cbe3e.jpg,stairs,stairs,stairs
/home/davint-1/Desktop/images/Stairs/288211640_da488d7de7.jpg,indoors,stairs,door
/home/davint-1/Desktop/images/Stairs/381872909_6839f52e9f.jpg,stairs,stairs,indoors
/home/davint-1/Desktop/images/Stairs/2800461720_cd8f8d0f8c.jpg,indoors,indoors,indoors
/home/davint-1/Desktop/images/Stairs/276826453_67d65d78e1.jpg,indoors,stairs,stairs
/home/davint-1/Desktop/images/Stairs/194800312_90ff7ee3cd.jpg,indoors,indoors,indoors
/home/davint-1/Desktop/images/Stairs/104582857_7d08beee76.jpg,stairs,stairs,indoors
/home/davint-1/Desktop/images/Stairs/2697921726_344b2dd1f4.jpg,indoors,indoors,stairs
/home/davint-1/Desktop/images/Stairs/320758154_a9dfc5af9d.jpg,indoors,stairs,stairs
/home/davint-1/Desktop/images/Stairs/217983853_f8395494d7.jpg,stairs,stairs,stairs
/home/davint-1/Desktop/images/Stairs/353275387_c508036129.jpg,stairs,indoors,stairs
/home/davint-1/Desktop/images/Stairs/100199374_61e352aaa2.jpg,stairs,stairs,stairs
/home/davint-1/Desktop/images/Stairs/487554905_38d8174cdc.jpg,indoors,stairs,indoors
/home/davint-1/Desktop/images/Stairs/3032045097_0ebcbc2b1d.jpg,stairs,stairs,indoors
/home/davint-1/Desktop/images/Stairs/4884992_a5be18f6aa.jpg,stairs,stairs,stairs
/home/davint-1/Desktop/images/Stairs/399252460_24daeaa3e1.jpg,stairs,indoors,indoors
/home/davint-1/Desktop/images/Stairs/130699882_7ae727f584.jpg,stairs,stairs,stairs
/home/davint-1/Desktop/images/Stairs/2220114472_e1e1f43191.jpg,stairs,stairs,indoors
/home/davint-1/Desktop/images/Stairs/2938330362_40ed3eef06.jpg,stairs,stairs,indoors
/home/davint-1/Desktop/images/Stairs/2343248470_eae0eaa6e1.jpg,stairs,stairs,stairs
/home/davint-1/Desktop/images/Stairs/1404117117_0d0ffe40b3.jpg,stairs,stairs,stairs
/home/davint-1/Desktop/images/Stairs/2513834976_df9906ab68.jpg,stairs,stairs,stairs
/home/davint-1/Desktop/images/Stairs/2704143_e36277828c.jpg,indoors,stairs,stairs
/home/davint-1/Desktop/images/Stairs/2704143_e36277828c.jpg,indoors,stairs,stairs
/home/davint-1/Desktop/images/Stairs/275025186_624b39cefd.jpg,stairs,stairs,stairs
/home/davint-1/Desktop/images/Stairs/2676911717_38b013cafe.jpg,indoors,indoors,indoors
/home/davint-1/Desktop/images/Stairs/2771607149_941d5d09ec.jpg,stairs,stairs,stairs
/home/davint-1/Desktop/images/Stairs/3603688569_c32ef68697.jpg,indoors,stairs,indoors
/home/davint-1/Desktop/images/Stairs/675780_92ec75cff7.jpg,indoors,stairs,stairs
/home/davint-1/Desktop/images/Stairs/1843115103_96051e56ed.jpg,stairs,stairs,stairs
/home/davint-1/Desktop/images/Stairs/285302290_e32af30a7e.jpg,stairs,stairs,stairs
/home/davint-1/Desktop/images/Stairs/2324080217_e4c1ff73c5.jpg,stairs,stairs,indoors
/home/davint-1/Desktop/images/Stairs/111662611_164bbdf554.jpg,stairs,stairs,stairs
/home/davint-1/Desktop/images/Stairs/2630450005_9448476e1f.jpg,indoors,stairs,stairs
/home/davint-1/Desktop/images/Stairs/T1aF8dXgNyGcCoqCvb_094912.jpg_b.jpg,stairs,stairs,indoors
ages/Stairs//T1aF8dXgNyGcCoqCvb_094912.jpg_b.jpg,stairs,stairs,indoors
